id,customer_id,order_date,sku_id,price,qty_ordered,before_discount,discount_amount,after_discount,is_gross,is_valid,is_net,payment_id
ODR1111336599a,C993531L,2022-02-23,P569750,62002,1,62002,0,62002,1,0,0,5
ODR1116457650x,C517907L,2022-10-08,P320550,159500,1,159500,0,159500,1,1,1,1
ODR1119282607l,C192625L,2021-08-07,P146984,919300,1,919300,0,919300,1,0,0,8
ODR1119964698b,C225180L,2021-08-11,P523149,59856,1,59856,0,59856,1,1,1,1
ODR1120310291y,C708473L,2021-09-18,P692619,34510,1,34510,0,34510,1,1,1,1
ODR1120954274s,C504900L,2021-11-20,P902817,121800,1,121800,0,121800,1,1,0,1
ODR1123439651p,C218108L,2021-06-11,P451463,98600,1,98600,0,98600,1,1,1,1
ODR1126180881t,C875194L,2022-01-14,P507387,57420,2,114840,0,114840,1,1,0,1
ODR1129414841e,C652751L,2022-07-26,P392301,4756000,1,4756000,0,4756000,1,0,0,1
ODR1130362205c,C702126L,2021-09-23,P545511,219820,1,219820,0,219820,1,1,0,1
ODR1131384330p,C597119L,2022-04-16,P920137,28942,3,86826,0,86826,1,1,1,1
ODR1131476208d,C356814L,2021-11-20,P358912,809100,1,809100,0,809100,1,0,0,1
ODR1132131859d,C800136L,2022-01-05,P557705,264480,1,264480,0,264480,1,1,0,1
ODR1134642269p,C479992L,2022-04-24,P146139,3069360,1,3069360,0,3069360,1,1,1,1
ODR1137425622e,C872421L,2021-10-23,P887380,19140,50,957000,0,957000,1,1,1,1
ODR1138415240o,C845061L,2022-02-07,P838471,96570,1,96570,0,96570,1,1,1,1
ODR1139009608g,C452735L,2022-01-15,P811804,182700,1,182700,0,182700,1,1,1,1
ODR1139685121i,C374625L,2021-08-13,P437509,104168,1,104168,0,104168,1,1,1,1
ODR1139724476z,C908348L,2021-08-20,P652253,75342,1,75342,0,75342,1,1,1,1
ODR1140388270o,C189144L,2022-10-07,P779734,5680404,1,5680400,0,5680400,1,0,0,7
ODR1140968710n,C194353L,2021-07-14,P314259,79750,1,79750,0,79750,1,1,0,1
ODR1141049636k,C149895L,2022-07-20,P298754,84100,2,168200,0,168200,1,1,0,1
ODR1141613786e,C224183L,2022-04-16,P535316,80910,1,80910,0,80910,1,0,0,7
ODR1145135368o,C907186L,2022-02-06,P192415,3632192,1,3632190,0,3632190,1,0,0,7
ODR1145541340r,C809029L,2021-01-10,P428453,173942,1,173942,0,173942,1,1,1,1
ODR1147600911l,C864005L,2021-02-07,P674924,1166032,1,1166030,0,1166030,1,0,0,12
ODR1149010175i,C850251L,2022-06-05,P707435,400200,1,400200,0,400200,1,1,1,1
ODR1149666725n,C637564L,2022-04-08,P872485,162400,1,162400,0,162400,1,1,1,1
ODR1149930133q,C879144L,2021-11-15,P468366,120350,10,1203500,0,1203500,1,1,1,1
ODR1150108319c,C837608L,2022-02-17,P515027,139200,1,139200,0,139200,1,1,0,1
ODR1152723373x,C494158L,2021-09-14,P842088,81142,1,81142,0,81142,1,1,1,1
ODR1153145615s,C191776L,2022-03-08,P573882,435000,1,435000,0,435000,1,1,1,1
ODR1153196366r,C620963L,2021-10-20,P978512,2291000,1,2291000,0,2291000,1,0,0,1
ODR1154090783n,C203544L,2022-04-20,P678309,358730,1,358730,53809.5,304920,1,0,0,7
ODR1156540507x,C654928L,2021-11-25,P287260,596240,1,596240,0,596240,1,0,0,1
ODR1157009449l,C529046L,2021-12-16,P450455,580000,1,580000,0,580000,1,0,0,1
ODR1157061964b,C706324L,2022-02-03,P315784,290000,1,290000,0,290000,1,1,1,1
ODR1157750230b,C391618L,2022-01-06,P986337,3172020,1,3172020,0,3172020,1,0,0,7
ODR1158464487p,C556985L,2022-03-05,P420664,232000,1,232000,0,232000,1,1,0,1
ODR1160502066z,C995184L,2022-01-03,P815940,17400,1,17400,0,17400,1,1,1,1
ODR1160774599n,C216698L,2021-07-31,P886407,102138,1,102138,0,102138,1,1,0,1
ODR1161254042f,C355284L,2021-04-08,P621393,312446,1,312446,0,312446,1,1,0,1
ODR1161894054i,C615419L,2022-02-27,P564642,40542,1,40542,0,40542,1,1,0,1
ODR1163392611q,C623383L,2021-10-29,P302251,507500,1,507500,0,507500,1,1,1,4
ODR1163914893g,C469416L,2021-12-25,P877152,3219000,1,3219000,0,3219000,1,1,0,1
ODR1165299594e,C774952L,2022-02-26,P779025,33060,1,33060,0,33060,1,1,0,1
ODR1169423461m,C413536L,2021-12-12,P680265,1591520,1,1591520,0,1591520,1,0,0,1
ODR1169699129p,C149990L,2021-12-16,P782682,4734540,1,4734540,0,4734540,1,1,0,1
ODR1172856108w,C536383L,2022-07-05,P593051,147900,1,147900,0,147900,1,1,1,1
ODR1173186341m,C307127L,2021-10-23,P933504,46400,1,46400,0,46400,1,1,1,1
ODR1174219603x,C920542L,2021-09-11,P654052,377000,1,377000,0,377000,1,1,1,1
ODR1174254745p,C521347L,2021-09-08,P698028,40310,2,80620,0,80620,1,1,1,1
ODR1175839712h,C642425L,2022-05-24,P562355,30450,3,91350,0,91350,1,1,1,1
ODR1177098176f,C532671L,2022-08-01,P601424,16820,2,33640,0,33640,1,1,1,1
ODR1177732378v,C378684L,2022-01-31,P661017,982520,1,982520,0,982520,1,1,0,1
ODR1178648863m,C215074L,2022-02-01,P399362,345100,1,345100,0,345100,1,1,1,4
ODR1182050040h,C474741L,2022-01-15,P292265,841000,1,841000,0,841000,1,0,0,4
ODR1182920461i,C405771L,2021-07-30,P470236,400200,1,400200,0,400200,1,1,1,1
ODR1183093404h,C778477L,2021-09-14,P138186,9280,1,9280,0,9280,1,1,1,1
ODR1186704055t,C897819L,2022-02-20,P504512,571300,1,571300,0,571300,1,1,1,1
ODR1189102251d,C421614L,2022-06-17,P251175,58000,2,116000,40600,75400,1,1,1,4
ODR1189395250g,C127410L,2021-11-25,P563834,5852142,1,5852140,0,5852140,1,0,0,2
ODR1194325930j,C191188L,2022-02-23,P119880,4054200,1,4054200,0,4054200,1,1,0,1
ODR1195781621v,C527055L,2022-07-15,P707435,261000,2,522000,0,522000,1,0,0,1
ODR1196340161n,C297858L,2022-06-15,P510854,4929942,1,4929940,58000,4871940,1,0,0,4
ODR1197959625d,C695592L,2021-07-26,P525763,997600,1,997600,0,997600,1,1,1,8
ODR1198458220o,C256446L,2022-05-28,P863167,2059000,1,2059000,0,2059000,1,1,0,7
ODR1199127091i,C398847L,2022-07-17,P846002,354090,1,354090,0,354090,1,0,0,5
ODR1199902865g,C751329L,2021-09-24,P601424,16820,5,84100,0,84100,1,1,1,1
ODR1200912919m,C943270L,2021-12-31,P888679,1314686,1,1314690,0,1314690,1,1,0,1
ODR1200987737j,C720280L,2021-09-12,P589695,957000,1,957000,0,957000,1,0,0,4
ODR1202472297v,C617766L,2022-05-07,P505169,571300,1,571300,0,571300,1,0,0,4
ODR1203665578h,C752545L,2022-04-28,P177109,2604200,1,2604200,0,2604200,1,1,0,1
ODR1203782355j,C480851L,2022-07-07,P700035,1249900,1,1249900,0,1249900,1,0,0,7
ODR1206072817h,C444616L,2022-10-04,P479840,3770000,2,7540000,0,7540000,1,0,0,7
ODR1211996326b,C958287L,2021-08-17,P326257,184440,1,184440,0,184440,1,1,0,1
ODR1217285031j,C661647L,2022-06-05,P475499,118320,1,118320,0,118320,1,0,0,5
ODR1217611672v,C701732L,2021-08-12,P851255,159500,1,159500,0,159500,1,1,1,1
ODR1218073082f,C139855L,2021-10-10,P831319,95700,1,95700,0,95700,1,1,0,1
ODR1220196733t,C441523L,2022-01-27,P798326,377000,1,377000,0,377000,1,1,1,1
ODR1221988074t,C697369L,2022-05-20,P963131,3949800,1,3949800,0,3949800,1,1,1,1
ODR1223442200k,C806665L,2021-11-17,P765122,231942,2,463884,0,463884,1,0,0,1
ODR1224022315r,C700603L,2021-05-11,P751549,4581942,4,18327800,0,18327800,1,0,0,4
ODR1224113091i,C400506L,2021-07-29,P615379,69600,2,139200,0,139200,1,1,1,8
ODR1234289420v,C350808L,2022-06-24,P933549,19720,3,59160,0,59160,1,1,0,1
ODR1235151817h,C738725L,2021-09-16,P279098,231942,1,231942,0,231942,1,1,0,1
ODR1236241982s,C734785L,2021-11-08,P392583,1449942,2,2899880,0,2899880,1,1,1,12
ODR1236520825o,C621883L,2021-08-14,P923508,147900,1,147900,0,147900,1,1,1,1
ODR1238479430q,C972737L,2022-03-20,P934032,2700248,1,2700250,0,2700250,1,1,0,1
ODR1240810411q,C373791L,2022-09-04,P713234,464000,1,464000,0,464000,1,1,1,1
ODR1243782475d,C487680L,2021-09-27,P489854,17400,1,17400,0,17400,1,1,1,1
ODR1244716282j,C415016L,2022-01-19,P667294,522000,1,522000,0,522000,1,1,1,3
ODR1247348647j,C219951L,2021-09-13,P324617,57942,1,57942,0,57942,1,1,1,1
ODR1250019169h,C830977L,2022-06-22,P534877,58000,2,116000,17400,98600,1,0,0,7
ODR1250177625p,C503615L,2022-07-30,P120586,17400,1,17400,0,17400,1,1,1,1
ODR1251050980v,C483318L,2022-01-22,P293781,57942,8,463536,0,463536,1,1,1,1
ODR1252159342o,C283866L,2021-01-09,P265639,550420,1,550420,0,550420,1,0,0,9
ODR1252492788n,C899192L,2021-08-31,P923197,3422000,1,3422000,0,3422000,1,1,0,1
ODR1253152883b,C898759L,2022-02-27,P534877,58000,2,116000,0,116000,1,1,1,1
ODR1253487187y,C811261L,2022-02-15,P679783,696000,1,696000,0,696000,1,1,1,1
ODR1253717990z,C565819L,2021-11-28,P574545,59450,1,59450,0,59450,1,1,1,1
ODR1254781912g,C941247L,2021-01-09,P426226,7656000,1,7656000,0,7656000,1,0,0,9
ODR1255510794n,C846307L,2021-03-11,P517579,28420,8,227360,0,227360,1,1,1,1
ODR1257744770h,C788509L,2021-08-30,P400366,3480000,1,3480000,0,3480000,1,1,0,1
ODR1258724847o,C875936L,2022-01-16,P993271,22040,3,66120,0,66120,1,1,1,3
ODR1260785929e,C172885L,2022-05-15,P704358,6959942,1,6959940,0,6959940,1,1,0,11
ODR1261333029i,C260117L,2021-01-12,P782682,4734540,1,4734540,0,4734540,1,0,0,4
ODR1261999226u,C522216L,2022-05-31,P237215,551000,2,1102000,0,1102000,1,1,0,1
ODR1265565573y,C471171L,2022-05-01,P628801,69600,1,69600,0,69600,1,1,1,3
ODR1268089244y,C434388L,2021-12-20,P282451,57942,1,57942,0,57942,1,1,0,1
ODR1268600050k,C245825L,2021-10-07,P776156,183280,1,183280,29000,154280,1,1,1,1
ODR1268607967f,C225630L,2021-07-14,P162593,33060,2,66120,0,66120,1,1,1,1
ODR1269197371b,C533639L,2022-06-14,P588707,57710,1,57710,0,57710,1,0,0,1
ODR1270930024b,C980973L,2021-11-28,P992760,2720200,1,2720200,0,2720200,1,0,0,4
ODR1271546982w,C956932L,2022-04-03,P597694,145000,1,145000,0,145000,1,1,0,1
ODR1272165688y,C304970L,2021-12-24,P479979,9280,1,9280,0,9280,1,1,1,1
ODR1272738514u,C948604L,2022-07-06,P102780,493000,1,493000,0,493000,1,0,0,4
ODR1274650557g,C439232L,2021-10-17,P741881,71050,1,71050,0,71050,1,1,0,1
ODR1282129843m,C314557L,2022-05-22,P666295,4524000,2,9048000,116000,8932000,1,0,0,4
ODR1282466816i,C287848L,2022-03-02,P235292,12180,20,243600,0,243600,1,1,1,1
ODR1282966160x,C867007L,2022-06-30,P474849,4582000,1,4582000,0,4582000,1,1,0,1
ODR1285928303f,C289850L,2022-04-28,P214490,162400,1,162400,0,162400,1,1,1,1
ODR1286487019l,C301066L,2022-03-29,P505307,936062,1,936062,0,936062,1,1,1,1
ODR1287222568a,C266096L,2021-09-30,P270878,119828,4,479312,0,479312,1,1,1,1
ODR1287604410n,C986058L,2022-10-07,P303694,38512,1,38512,0,38512,1,1,0,1
ODR1289853690y,C969119L,2022-03-31,P873818,841000,2,1682000,0,1682000,1,1,1,1
ODR1290063205z,C942480L,2022-02-20,P236646,400200,1,400200,0,400200,1,1,1,1
ODR1294680720c,C765912L,2021-12-29,P757238,40020,1,40020,0,40020,1,1,0,1
ODR1295786486o,C607344L,2022-09-05,P185040,377638,1,377638,0,377638,1,1,1,1
ODR1295939517a,C184107L,2021-09-12,P527497,78300,1,78300,0,78300,1,1,0,1
ODR1296338668p,C822607L,2022-02-22,P166596,46342,1,46342,0,46342,1,1,0,1
ODR1298921605b,C670896L,2022-09-03,P602715,464000,1,464000,0,464000,1,1,1,1
ODR1301358748v,C188809L,2022-06-20,P425645,69600,3,208800,0,208800,1,1,1,1
ODR1301458103h,C433401L,2021-04-08,P564520,14674,1,14674,0,14674,1,1,1,1
ODR1301901919q,C517976L,2022-06-25,P900572,2170534,1,2170530,0,2170530,1,0,0,4
ODR1306444234s,C204382L,2021-07-28,P349342,985942,1,985942,0,985942,1,1,0,1
ODR1308032776f,C872920L,2022-05-03,P611114,2783942,1,2783940,0,2783940,1,1,0,1
ODR1313035414c,C378684L,2022-04-27,P146139,3069360,1,3069360,0,3069360,1,1,0,1
ODR1313092962k,C555245L,2021-08-09,P310205,16182,1,16182,0,16182,1,1,1,1
ODR1316849290d,C363466L,2022-04-25,P293009,3958500,1,3958500,0,3958500,1,1,0,4
ODR1318031315w,C910983L,2021-09-18,P387820,109910,1,109910,0,109910,1,1,0,1
ODR1318813834i,C467527L,2022-04-04,P149741,46400,2,92800,0,92800,1,1,1,1
ODR1319432863z,C378684L,2021-10-15,P692465,5338900,1,5338900,0,5338900,1,1,0,1
ODR1322322452w,C598984L,2022-06-18,P283167,2159630,1,2159630,58000,2101630,1,1,1,4
ODR1325492520a,C828643L,2021-10-20,P293860,120640,1,120640,0,120640,1,1,1,1
ODR1325822871m,C574874L,2022-03-23,P905261,63742,7,446194,0,446194,1,0,0,7
ODR1327540902h,C931442L,2021-04-07,P663284,46400,1,46400,0,46400,1,1,1,1
ODR1327729148r,C670551L,2021-11-29,P660875,376942,1,376942,0,376942,1,0,0,4
ODR1327956129z,C959097L,2022-04-02,P382334,17400,1,17400,0,17400,1,1,1,4
ODR1329335056b,C474548L,2021-08-14,P396098,83404,3,250212,0,250212,1,1,1,1
ODR1329341949s,C500105L,2022-06-03,P330457,1392,3,4176,975.56,3200.44,1,1,0,1
ODR1329476706u,C491827L,2021-12-12,P965987,22504,2,45008,0,45008,1,1,1,2
ODR1329987580n,C433743L,2021-08-18,P604374,121742,1,121742,0,121742,1,1,0,1
ODR1332378507q,C402534L,2021-08-16,P823656,232000,1,232000,0,232000,1,1,1,1
ODR1336383848m,C864285L,2021-10-19,P562235,31900,1,31900,0,31900,1,1,1,1
ODR1338523581t,C972737L,2021-08-18,P501464,113100,1,113100,0,113100,1,1,0,1
ODR1340623823w,C331049L,2022-01-21,P822880,141404,2,282808,0,282808,1,1,0,1
ODR1342246496p,C382868L,2022-09-06,P950957,1885000,1,1885000,0,1885000,1,1,0,1
ODR1350484141d,C166968L,2021-08-17,P353796,2865200,1,2865200,0,2865200,1,1,0,1
ODR1351791655c,C202398L,2022-07-08,P300869,149292,1,149292,0,149292,1,0,0,4
ODR1355309619g,C323695L,2021-08-24,P153186,2088,1,2088,0,2088,1,1,1,1
ODR1357025191q,C527394L,2021-01-09,P764200,156600,1,156600,0,156600,1,1,0,1
ODR1357268736q,C398810L,2022-01-23,P465866,50170,1,50170,0,50170,1,1,0,1
ODR1360980097f,C358152L,2022-05-02,P236646,400200,1,400200,0,400200,1,1,1,1
ODR1361418294j,C950218L,2022-02-02,P147997,34510,2,69020,0,69020,1,1,0,1
ODR1363985182e,C723722L,2022-12-06,P829337,382800,1,382800,0,382800,1,1,0,1
ODR1364734739w,C994857L,2022-07-06,P924730,81200,1,81200,0,81200,1,1,0,1
ODR1365050682p,C889753L,2021-09-11,P524874,1971768,1,1971770,0,1971770,1,0,0,4
ODR1367078667r,C919222L,2021-11-27,P813029,3653942,1,3653940,0,3653940,1,0,0,5
ODR1367291236u,C823220L,2021-12-22,P782682,4734540,1,4734540,0,4734540,1,1,1,1
ODR1367525868l,C624730L,2021-07-19,P786707,261000,2,522000,0,522000,1,0,0,1
ODR1368613812b,C998847L,2022-07-28,P468756,86942,1,86942,0,86942,1,0,0,1
ODR1370063596s,C980973L,2021-02-11,P112319,2228360,2,4456720,0,4456720,1,0,0,4
ODR1370859979e,C504512L,2022-05-01,P922501,38860,1,38860,0,38860,1,1,1,1
ODR1371912803u,C872421L,2022-05-04,P887380,19140,15,287100,0,287100,1,1,1,1
ODR1373974128b,C629570L,2022-03-26,P695484,203000,1,203000,0,203000,1,1,1,1
ODR1375328520p,C441685L,2022-07-08,P728109,8120,1,8120,0,8120,1,1,0,1
ODR1375652074f,C925474L,2021-08-07,P641587,52142,1,52142,0,52142,1,1,0,1
ODR1376684287u,C485693L,2022-03-29,P514099,1923222,1,1923220,0,1923220,1,1,1,1
ODR1380147486r,C479492L,2022-05-29,P470236,400200,3,1200600,0,1200600,1,0,0,4
ODR1380406866u,C162721L,2021-08-11,P947714,289710,1,289710,0,289710,1,1,1,1
ODR1381630208e,C385646L,2022-08-13,P539142,3769942,1,3769940,0,3769940,1,0,0,4
ODR1382976743p,C807718L,2021-11-14,P419070,116000,2,232000,58000,174000,1,0,0,5
ODR1383221338z,C287218L,2021-08-27,P738924,46342,1,46342,0,46342,1,1,1,1
ODR1383566289y,C404192L,2021-11-26,P357201,420500,1,420500,0,420500,1,1,1,1
ODR1385479083z,C162721L,2021-12-27,P172346,99006,1,99006,0,99006,1,1,1,1
ODR1385764722b,C239351L,2021-10-25,P955365,64189,1,64188.6,0,64188.6,1,1,1,1
ODR1386461717u,C844766L,2021-12-19,P811276,139142,1,139142,0,139142,1,1,1,1
ODR1388417292i,C163688L,2022-02-01,P998934,110200,1,110200,0,110200,1,1,1,1
ODR1391808187s,C404192L,2022-02-06,P235473,58000,3,174000,0,174000,1,1,1,3
ODR1392964194d,C872920L,2022-08-03,P633273,3456800,1,3456800,0,3456800,1,0,0,1
ODR1393906883x,C483469L,2021-11-18,P546750,290000,3,870000,87000,783000,1,0,0,5
ODR1397562899g,C986991L,2021-08-12,P316076,19168942,1,19168900,0,19168900,1,0,0,4
ODR1398794211a,C954117L,2022-09-01,P330997,640900,1,640900,0,640900,1,0,0,4
ODR1399534001x,C738648L,2022-07-16,P470236,261000,1,261000,0,261000,1,1,0,1
ODR1402018247j,C903932L,2021-10-11,P471425,342200,1,342200,0,342200,1,1,1,1
ODR1403161799f,C483469L,2021-11-16,P225262,14790,5,73950,0,73950,1,1,0,1
ODR1406303447q,C494276L,2021-11-25,P239399,3683000,1,3683000,0,3683000,1,0,0,1
ODR1407950680g,C477890L,2022-07-19,P408446,29754,1,29754,8501.06,21252.9,1,1,0,1
ODR1408534634o,C901131L,2022-12-01,P512258,74530,1,74530,0,74530,1,1,1,1
ODR1408782762d,C694728L,2022-09-01,P779382,40310,1,40310,0,40310,1,1,0,1
ODR1409922992d,C320667L,2021-11-17,P793709,3943942,1,3943940,0,3943940,1,0,0,1
ODR1411745604b,C717684L,2022-05-22,P801710,4609840,1,4609840,58000,4551840,1,0,0,7
ODR1412242595a,C698317L,2022-07-27,P512258,80910,2,161820,0,161820,1,0,0,4
ODR1412686966f,C488097L,2021-07-25,P957169,4374940,1,4374940,0,4374940,1,1,0,1
ODR1413374742p,C404142L,2021-06-12,P759375,223300,1,223300,0,223300,1,1,1,4
ODR1415323257g,C621738L,2022-06-29,P818221,92800,2,185600,0,185600,1,1,0,1
ODR1415489435q,C935675L,2021-09-19,P696424,173710,1,173710,0,173710,1,1,1,1
ODR1415789188i,C551481L,2022-01-07,P280917,2300860,1,2300860,0,2300860,1,1,0,1
ODR1416381062s,C685669L,2021-02-08,P579921,8700000,1,8700000,0,8700000,1,0,0,8
ODR1417152374a,C294431L,2021-06-12,P724578,40600,99,4019400,0,4019400,1,0,0,1
ODR1417643936i,C504588L,2022-07-17,P888890,31900,2,63800,0,63800,1,1,0,1
ODR1418504199c,C992621L,2022-07-02,P837665,2256200,1,2256200,0,2256200,1,1,0,4
ODR1420819196k,C394914L,2021-12-12,P362136,107880,1,107880,0,107880,1,1,0,1
ODR1420960646d,C731475L,2021-07-13,P709557,6147942,1,6147940,0,6147940,1,0,0,10
ODR1421494005f,C263949L,2021-11-13,P253053,113100,1,113100,0,113100,1,1,1,1
ODR1422546971e,C180415L,2021-01-07,P908466,32190,2,64380,0,64380,1,1,0,1
ODR1425358329u,C541932L,2022-07-18,P534748,3440850,1,3440850,0,3440850,1,1,0,1
ODR1426046227n,C344377L,2022-09-06,P909766,58000,1,58000,0,58000,1,0,0,1
ODR1428469028o,C420548L,2021-09-13,P284951,312446,1,312446,0,312446,1,1,1,1
ODR1428580573c,C727494L,2022-05-29,P755718,75342,1,75342,0,75342,1,1,0,1
ODR1429968000y,C361180L,2021-07-08,P600084,81200,1,81200,0,81200,1,1,1,1
ODR1430144851l,C992037L,2021-08-11,P473888,8410000,1,8410000,0,8410000,1,0,0,4
ODR1430981890i,C116160L,2022-10-05,P650191,403100,1,403100,0,403100,1,0,0,1
ODR1432069601a,C471753L,2022-02-15,P683554,4060000,1,4060000,0,4060000,1,0,0,1
ODR1432320243h,C865334L,2022-04-23,P177109,2604200,1,2604200,0,2604200,1,0,0,4
ODR1432592547x,C247915L,2021-06-10,P236646,400200,1,400200,0,400200,1,1,1,1
ODR1432901686b,C274456L,2022-08-13,P504782,1899500,3,5698500,0,5698500,1,1,1,1
ODR1433190648f,C972737L,2021-11-08,P131987,2591440,1,2591440,0,2591440,1,1,0,1
ODR1433563896q,C357173L,2022-04-08,P591586,579942,1,579942,0,579942,1,1,1,1
ODR1433750479i,C949023L,2021-12-19,P182780,2858240,1,2858240,0,2858240,1,0,0,2
ODR1433760326w,C531952L,2022-06-23,P707435,261000,1,261000,0,261000,1,0,0,6
ODR1435244185i,C988568L,2021-12-19,P479202,17400,4,69600,0,69600,1,1,1,1
ODR1437066244c,C603530L,2021-10-24,P688522,34800,1,34800,0,34800,1,0,0,10
ODR1437188507f,C247150L,2022-06-07,P215115,54404,1,54404,0,54404,1,0,0,1
ODR1438450196z,C469380L,2022-06-18,P875648,243600,1,243600,0,243600,1,1,0,7
ODR1439357099u,C766635L,2021-08-24,P170303,57942,1,57942,0,57942,1,1,1,1
ODR1441255567m,C649461L,2021-01-08,P773860,127600,2,255200,0,255200,1,1,1,1
ODR1443982518a,C320654L,2021-08-12,P520897,69600,1,69600,0,69600,1,1,0,1
ODR1444005543v,C330571L,2022-11-05,P460079,160370,1,160370,0,160370,1,0,0,4
ODR1446216704j,C939631L,2021-10-16,P619315,43500,1,43500,0,43500,1,1,0,1
ODR1449196401s,C755090L,2021-10-09,P562355,31900,1,31900,0,31900,1,1,1,1
ODR1450336084m,C600944L,2022-06-04,P241288,39730,1,39730,0,39730,1,0,0,7
ODR1452782535r,C359839L,2021-12-16,P505269,26100,2,52200,0,52200,1,1,1,1
ODR1453775712f,C553551L,2022-05-02,P534877,58058,1,58058,0,58058,1,0,0,4
ODR1454410677m,C781213L,2021-09-16,P122683,3422000,1,3422000,0,3422000,1,1,0,1
ODR1455860476h,C994467L,2022-09-04,P504959,7017942,1,7017940,0,7017940,1,0,0,7
ODR1456527343p,C658145L,2021-11-18,P855211,580000,2,1160000,0,1160000,1,0,0,1
ODR1457357582v,C522805L,2022-02-18,P926387,1333942,4,5335770,0,5335770,1,0,0,4
ODR1458978107m,C848357L,2021-10-27,P431327,96280,1,96280,0,96280,1,1,1,3
ODR1459172838p,C605755L,2021-07-09,P587474,290,4,1160,0,1160,1,0,0,1
ODR1461945559w,C698097L,2022-02-14,P130754,92742,1,92742,0,92742,1,1,1,1
ODR1463296966i,C511061L,2022-06-19,P400640,348000,1,348000,0,348000,1,1,1,7
ODR1463734645v,C296709L,2022-03-03,P504897,144942,1,144942,0,144942,1,1,1,1
ODR1467935935n,C862573L,2021-08-18,P552342,110200,1,110200,0,110200,1,1,0,8
ODR1468999756j,C725701L,2022-11-02,P657057,30450,3,91350,0,91350,1,1,1,1
ODR1471175330o,C868378L,2021-08-16,P898417,406000,1,406000,0,406000,1,0,0,9
ODR1471655806j,C324310L,2021-08-28,P234177,261000,1,261000,0,261000,1,1,1,1
ODR1474569283v,C545190L,2021-07-18,P564043,55100,13,716300,0,716300,1,1,1,11
ODR1475230603o,C604951L,2021-02-09,P202781,400200,1,400200,0,400200,1,1,0,1
ODR1475470919p,C805055L,2022-07-24,P168052,6487648,1,6487650,0,6487650,1,1,0,4
ODR1476891203b,C406990L,2021-04-09,P957127,261000,1,261000,0,261000,1,0,0,12
ODR1476985765b,C331978L,2022-12-08,P562975,116000,1,116000,0,116000,1,0,0,5
ODR1477069808j,C683691L,2022-05-04,P534877,58000,3,174000,0,174000,1,0,0,1
ODR1477593362p,C972737L,2021-10-19,P602409,173710,2,347420,0,347420,1,1,0,1
ODR1478487888d,C807422L,2022-05-17,P359151,54404,1,54404,0,54404,1,1,0,4
ODR1479074906n,C482428L,2021-09-11,P854817,318710,1,318710,0,318710,1,1,1,3
ODR1481057990j,C413128L,2022-07-18,P689194,329498,1,329498,0,329498,1,1,1,1
ODR1481160106y,C880014L,2022-07-13,P333900,2784000,1,2784000,0,2784000,1,0,0,7
ODR1481252122d,C555100L,2021-12-23,P140828,368880,1,368880,0,368880,1,1,1,1
ODR1483283480b,C557314L,2021-08-22,P834352,191110,1,191110,0,191110,1,1,1,1
ODR1483465358p,C792602L,2021-06-09,P733199,200100,1,200100,0,200100,1,1,1,1
ODR1484915990k,C550308L,2021-11-27,P747668,5591780,1,5591780,0,5591780,1,0,0,4
ODR1486680833w,C359839L,2022-04-19,P534877,58000,1,58000,0,58000,1,1,1,1
ODR1487569582p,C506034L,2021-07-17,P982769,17400,2,34800,0,34800,1,1,1,1
ODR1490313745b,C491779L,2022-07-18,P224384,145000,1,145000,0,145000,1,1,0,1
ODR1490511154e,C248634L,2022-07-17,P803301,407160,1,407160,29000,378160,1,1,1,1
ODR1494378436d,C274718L,2021-07-31,P756257,27840,1,27840,0,27840,1,1,1,1
ODR1496883139o,C180533L,2021-09-29,P709147,60900,1,60900,0,60900,1,0,0,4
ODR1506734934x,C374672L,2021-08-11,P353796,2865200,1,2865200,0,2865200,1,1,0,1
ODR1507057200h,C684531L,2021-07-20,P197154,4176000,1,4176000,0,4176000,1,0,0,9
ODR1510991605c,C206125L,2022-08-06,P313303,518752,1000,518752000,0,518752000,1,0,0,2
ODR1511255402m,C399241L,2022-07-05,P993535,112810,1,112810,0,112810,1,1,0,1
ODR1512008563t,C810568L,2022-05-26,P390482,107242,1,107242,0,107242,1,0,0,1
ODR1512109289d,C454203L,2021-12-09,P904043,145000,1,145000,0,145000,1,1,1,1
ODR1512174738t,C964914L,2022-11-07,P131747,76850,3,230550,0,230550,1,1,1,1
ODR1512506768g,C299472L,2022-05-29,P367699,80910,1,80910,0,80910,1,0,0,4
ODR1514648402f,C263996L,2021-07-15,P673102,218950,1,218950,0,218950,1,1,1,1
ODR1514760298t,C835246L,2021-05-08,P437509,101848,1,101848,0,101848,1,1,1,1
ODR1518315966j,C531871L,2022-07-16,P361761,43500,1,43500,0,43500,1,1,0,1
ODR1519285300k,C306006L,2022-07-03,P547834,399040,1,399040,0,399040,1,1,0,1
ODR1519663863q,C270876L,2022-01-02,P894509,55100,1,55100,0,55100,1,1,0,1
ODR1521766998h,C404912L,2022-02-20,P414014,493000,1,493000,0,493000,1,0,0,1
ODR1527811466s,C986391L,2022-10-08,P215115,54404,1,54404,0,54404,1,0,0,4
ODR1527812016j,C974256L,2022-06-20,P872944,14209942,2,28419900,0,28419900,1,0,0,7
ODR1530521902j,C349194L,2021-06-11,P574545,59450,1,59450,0,59450,1,1,0,1
ODR1531968023g,C476999L,2022-10-05,P504505,167620,1,167620,0,167620,1,1,1,1
ODR1533446722u,C411258L,2022-03-20,P855211,1218000,1,1218000,0,1218000,1,0,0,2
ODR1536762217n,C378684L,2022-04-27,P301216,2403520,1,2403520,0,2403520,1,1,1,1
ODR1537811556n,C310022L,2022-08-03,P630072,90480,2,180960,0,180960,1,1,0,1
ODR1538033065h,C694973L,2021-07-16,P664665,488360,1,488360,0,488360,1,1,0,1
ODR1539237640q,C904633L,2022-05-17,P124794,185310,1,185310,0,185310,1,0,0,1
ODR1539889376k,C500989L,2022-07-30,P345711,666420,2,1332840,0,1332840,1,0,0,7
ODR1542086061q,C226151L,2021-11-28,P130155,756900,1,756900,29000,727900,1,0,0,4
ODR1542623352b,C501323L,2022-07-23,P539142,3769942,3,11309800,0,11309800,1,1,0,4
ODR1542653211k,C741634L,2022-02-17,P837665,2256200,1,2256200,0,2256200,1,1,0,1
ODR1543123939c,C299530L,2021-08-28,P845658,11020,1,11020,0,11020,1,0,0,8
ODR1544459283v,C215028L,2021-12-15,P918949,156542,1,156542,0,156542,1,1,0,1
ODR1544821777v,C875936L,2022-07-01,P240431,66120,1,66120,0,66120,1,1,1,3
ODR1545435169t,C198982L,2021-09-23,P156208,55100,1,55100,0,55100,1,1,1,1
ODR1546542821l,C985957L,2022-01-15,P841002,429200,1,429200,0,429200,1,0,0,1
ODR1548552085y,C134052L,2022-07-08,P149702,463420,3,1390260,0,1390260,1,1,1,1
ODR1549355682d,C613601L,2021-05-11,P669452,139142,1,139142,0,139142,1,1,1,1
ODR1549799386a,C374672L,2022-10-04,P277486,5585342,1,5585340,0,5585340,1,1,0,1
ODR1552124749p,C594573L,2022-11-03,P851545,81200,1,81200,0,81200,1,1,1,1
ODR1552193806b,C525405L,2022-03-03,P489854,17400,5,87000,0,87000,1,1,1,1
ODR1552624241a,C432189L,2022-06-16,P672833,2212410,1,2212410,116000,2096410,1,0,0,4
ODR1553580161t,C399834L,2021-05-10,P948769,51910,1,51910,0,51910,1,0,0,4
ODR1554071639a,C531144L,2021-12-17,P965987,22504,10,225040,0,225040,1,1,1,3
ODR1556001393p,C321785L,2022-10-05,P386424,86130,1,86130,0,86130,1,0,0,1
ODR1557946807u,C683691L,2022-04-18,P534877,58000,3,174000,0,174000,1,1,1,1
ODR1559577514u,C978527L,2022-01-30,P933986,429200,1,429200,0,429200,1,0,0,4
ODR1562600840f,C241633L,2022-01-17,P286786,250270,1,250270,0,250270,1,1,1,1
ODR1562747515f,C229632L,2022-02-26,P449985,289710,1,289710,0,289710,1,1,0,1
ODR1567035840g,C421798L,2021-10-26,P847756,2014920,1,2014920,0,2014920,1,0,0,1
ODR1570029293n,C952778L,2021-07-10,P353028,1275942,6,7655650,0,7655650,1,0,0,4
ODR1571158759a,C821190L,2022-02-26,P589810,54810,1,54810,0,54810,1,1,1,1
ODR1571690577n,C489601L,2022-09-01,P657668,74240,1,74240,0,74240,1,1,0,1
ODR1572147566r,C881612L,2022-04-13,P245738,42340,2,84680,0,84680,1,0,0,1
ODR1574963843t,C959097L,2021-11-10,P476204,17400,1,17400,0,17400,1,1,1,4
ODR1583267552k,C194185L,2021-07-13,P224384,145000,1,145000,0,145000,1,1,1,1
ODR1586541469q,C773709L,2021-11-17,P395083,92742,3,278226,0,278226,1,1,1,1
ODR1593394563w,C609115L,2021-07-12,P701301,142100,7,994700,0,994700,1,1,0,1
ODR1593804227j,C969315L,2021-09-23,P766142,754000,1,754000,0,754000,1,1,0,1
ODR1595794878i,C396025L,2021-06-07,P814106,44950,1,44950,0,44950,1,1,1,1
ODR1598080425e,C136019L,2022-12-02,P298116,107300,1,107300,0,107300,1,1,1,1
ODR1600856967f,C625394L,2021-12-23,P726800,29522,3,88566,0,88566,1,1,0,1
ODR1600986170y,C855607L,2022-06-25,P986099,107880,1,107880,11600,96280,1,1,1,1
ODR1601748662n,C900833L,2022-05-28,P908014,86594,1,86594,0,86594,1,1,0,1
ODR1605333682k,C374672L,2021-12-30,P128276,406000,1,406000,0,406000,1,1,0,1
ODR1606111748x,C242231L,2022-01-13,P370493,5591780,1,5591780,0,5591780,1,0,0,4
ODR1606736741p,C441523L,2022-03-02,P416084,504600,1,504600,0,504600,1,1,1,1
ODR1608293367i,C563598L,2022-04-27,P858730,2496900,1,2496900,0,2496900,1,1,0,1
ODR1610284856r,C223799L,2021-06-11,P770541,1507942,1,1507940,0,1507940,1,0,0,4
ODR1610288141w,C573424L,2021-07-24,P640071,6321942,2,12643900,0,12643900,1,0,0,9
ODR1610299036o,C823189L,2021-12-10,P961253,6380,1,6380,0,6380,1,1,1,1
ODR1610545474i,C902445L,2022-02-25,P671747,4958942,1,4958940,0,4958940,1,1,1,4
ODR1614485582x,C136210L,2022-01-22,P505636,61770,3,185310,0,185310,1,1,1,3
ODR1615909177o,C676393L,2022-03-14,P131222,232,2,464,0,464,1,0,0,1
ODR1619940915e,C574921L,2022-04-26,P858068,29000,3,87000,13050,73950,1,1,1,5
ODR1620781301n,C601525L,2022-06-29,P163740,564630,1,564630,0,564630,1,1,0,1
ODR1623048722c,C522216L,2022-05-23,P576253,522000,2,1044000,0,1044000,1,1,0,1
ODR1623691861i,C909114L,2021-12-16,P277486,5150922,1,5150920,0,5150920,1,0,0,4
ODR1627496660o,C527307L,2021-10-15,P490465,56550,1,56550,0,56550,1,1,0,4
ODR1631252215p,C573345L,2022-07-15,P830436,162284,1,162284,0,162284,1,1,1,1
ODR1631307151n,C699837L,2022-03-26,P140542,403100,1,403100,0,403100,1,1,1,1
ODR1632741038o,C902527L,2021-04-08,P351473,649600,1,649600,0,649600,1,1,1,1
ODR1632998322m,C741634L,2022-03-26,P685508,75400,1,75400,0,75400,1,1,1,1
ODR1633103640u,C588147L,2021-11-21,P948769,37642,3,112926,0,112926,1,1,0,1
ODR1635270279n,C619471L,2021-03-07,P805830,348000,1,348000,0,348000,1,0,0,9
ODR1635629456x,C955726L,2021-01-07,P596142,469800,3,1409400,0,1409400,1,0,0,1
ODR1636735918p,C891022L,2021-12-09,P486103,2455720,1,2455720,0,2455720,1,1,1,1
ODR1640614096c,C560607L,2022-03-19,P509052,12702,1,12702,3175.5,9526.5,1,1,1,5
ODR1641355398h,C146794L,2022-06-07,P894459,1911680,1,1911680,0,1911680,1,1,1,3
ODR1643144813k,C249412L,2022-12-05,P603633,77140,1,77140,0,77140,1,1,1,1
ODR1643195948t,C493986L,2021-07-13,P122630,69542,1,69542,0,69542,1,1,0,1
ODR1646026599g,C975490L,2022-05-08,P498950,33350,1,33350,0,33350,1,1,0,1
ODR1649012405n,C162721L,2022-03-18,P923232,52200,1,52200,0,52200,1,1,0,1
ODR1650170870q,C275052L,2022-05-05,P202781,400200,1,400200,0,400200,1,1,1,1
ODR1650280598x,C188448L,2022-04-06,P518951,28130,1,28130,0,28130,1,1,0,1
ODR1650602273a,C576032L,2021-11-09,P766401,14442,1,14442,0,14442,1,1,1,1
ODR1651342870v,C132488L,2022-05-01,P512258,74530,1,74530,0,74530,1,0,0,4
ODR1651432264f,C931355L,2021-10-29,P490465,56550,1,56550,0,56550,1,0,0,1
ODR1651903317e,C244068L,2022-06-04,P659279,108750,1,108750,0,108750,1,1,1,1
ODR1652705454e,C652874L,2022-05-03,P964018,57942,1,57942,0,57942,1,1,1,1
ODR1652898146r,C847874L,2022-05-13,P512258,73733,1,73732.5,0,73732.5,1,1,1,1
ODR1653302842z,C618204L,2022-06-29,P358878,28710,1,28710,0,28710,1,1,0,1
ODR1653549677a,C693323L,2022-06-18,P475499,118320,2,236640,82824,153816,1,1,1,4
ODR1653557693m,C603530L,2021-09-20,P266281,43500,1,43500,0,43500,1,1,0,1
ODR1659615991q,C180913L,2021-08-18,P198900,57942,1,57942,0,57942,1,1,1,1
ODR1659675616l,C378684L,2022-02-15,P236487,2401200,1,2401200,0,2401200,1,1,0,1
ODR1661784828m,C451335L,2022-11-06,P505236,1681942,1,1681940,0,1681940,1,0,0,4
ODR1662654536n,C506838L,2022-01-02,P490465,56550,2,113100,0,113100,1,0,0,2
ODR1662998604l,C291014L,2022-01-15,P477437,50692,1,50692,0,50692,1,1,1,1
ODR1664605588v,C780898L,2022-04-27,P973490,7307942,1,7307940,0,7307940,1,0,0,4
ODR1664608194w,C481253L,2021-09-09,P207734,57420,1,57420,0,57420,1,1,1,1
ODR1668947815t,C752800L,2021-02-08,P748886,5596942,2,11193900,0,11193900,1,0,0,8
ODR1670078172f,C469899L,2021-10-15,P466797,57942,1,57942,0,57942,1,1,1,1
ODR1675630267j,C162721L,2022-12-01,P304173,84680,1,84680,0,84680,1,1,1,1
ODR1678048130b,C441237L,2021-10-07,P279242,284200,1,284200,0,284200,1,1,1,1
ODR1682246329y,C334571L,2022-03-03,P926387,1333942,5,6669710,0,6669710,1,0,0,4
ODR1682702313i,C506704L,2021-11-24,P985474,710500,1,710500,156310,554190,1,0,0,4
ODR1682997027c,C487528L,2022-02-18,P172095,153120,2,306240,0,306240,1,1,1,3
ODR1691253905i,C290251L,2022-05-07,P578899,359020,1,359020,29000,330020,1,1,1,1
ODR1691744796o,C655017L,2022-05-05,P813349,1682000,1,1682000,0,1682000,1,0,0,1
ODR1691822256o,C143245L,2022-06-29,P343443,278400,2,556800,0,556800,1,1,0,1
ODR1691826218q,C118563L,2022-11-06,P748128,762062,1,762062,174000,588062,1,1,1,7
ODR1694926293e,C559026L,2022-05-20,P557054,43500,2,87000,0,87000,1,1,1,1
ODR1696944752g,C314803L,2022-08-07,P563852,468408,1,468408,0,468408,1,0,0,1
ODR1697356938p,C993393L,2021-12-07,P519239,1391942,1,1391940,0,1391940,1,1,0,1
ODR1699757985y,C525405L,2022-02-26,P644690,319000,1,319000,0,319000,1,1,1,1
ODR1700034721o,C342440L,2021-08-23,P111456,115942,1,115942,0,115942,1,1,1,1
ODR1700414249y,C587254L,2022-07-16,P497003,4378942,1,4378940,0,4378940,1,1,0,1
ODR1701725132a,C810915L,2021-11-12,P664265,232000,1,232000,0,232000,1,1,1,1
ODR1701859986j,C766077L,2022-04-23,P809837,800342,1,800342,0,800342,1,1,1,1
ODR1705443518z,C148479L,2021-12-12,P274860,37700,1,37700,0,37700,1,1,0,1
ODR1706912486n,C481253L,2021-10-10,P194795,3190,50,159500,0,159500,1,1,1,1
ODR1708312305m,C423808L,2021-10-20,P118269,105154,1,105154,0,105154,1,1,1,1
ODR1712136694g,C652751L,2022-07-25,P390189,5176500,1,5176500,0,5176500,1,0,0,4
ODR1712600621z,C591135L,2022-09-07,P519141,38918,1,38918,0,38918,1,1,0,1
ODR1713379951h,C603530L,2021-04-08,P761917,429200,1,429200,0,429200,1,1,0,1
ODR1714412396t,C412936L,2022-10-03,P893417,35380,3,106140,0,106140,1,1,1,1
ODR1723200177y,C714340L,2022-06-26,P899811,247138,1,247138,0,247138,1,1,0,1
ODR1723401119z,C790408L,2021-11-17,P308235,109620,10,1096200,0,1096200,1,0,0,1
ODR1726293149y,C255099L,2022-06-28,P749616,161762,1,161762,0,161762,1,0,0,7
ODR1730710786r,C687663L,2022-01-30,P534877,58058,2,116116,0,116116,1,1,1,4
ODR1731632107g,C111808L,2022-05-13,P776156,229100,1,229100,0,229100,1,1,0,1
ODR1735795272r,C414907L,2022-02-08,P393352,7482000,1,7482000,0,7482000,1,0,0,4
ODR1741616161f,C729711L,2022-03-30,P895240,92800,1,92800,0,92800,1,1,0,1
ODR1743829486q,C635495L,2022-11-05,P293009,3958500,1,3958500,0,3958500,1,0,0,7
ODR1745879070b,C283866L,2021-09-26,P334698,440800,2,881600,0,881600,1,1,0,4
ODR1754152469k,C444616L,2022-10-02,P926387,1333942,4,5335770,0,5335770,1,0,0,4
ODR1755044092o,C985354L,2021-11-11,P213157,2494000,1,2494000,0,2494000,1,1,0,1
ODR1755641891e,C949083L,2022-04-23,P986099,110142,1,110142,0,110142,1,0,0,13
ODR1757134393f,C458563L,2022-06-06,P354988,319000,1,319000,0,319000,1,1,1,1
ODR1757678113k,C312529L,2022-02-05,P557054,58000,1,58000,0,58000,1,1,0,1
ODR1758170593v,C985612L,2022-01-31,P690407,49242,28,1378780,0,1378780,1,0,0,1
ODR1760135178a,C389745L,2021-12-25,P858785,1653928,1,1653930,0,1653930,1,1,0,1
ODR1760143797r,C531144L,2022-06-20,P316002,214600,1,214600,0,214600,1,1,1,3
ODR1763627047i,C814229L,2021-11-16,P492599,1840108,1,1840110,0,1840110,1,1,1,1
ODR1765333433y,C995583L,2022-03-21,P862391,4121074,1,4121070,0,4121070,1,0,0,13
ODR1767735187h,C142435L,2022-05-29,P396169,376942,1,376942,0,376942,1,1,0,7
ODR1769879521q,C717221L,2021-11-16,P800680,580000,2,1160000,0,1160000,1,0,0,1
ODR1771245159d,C374672L,2022-03-24,P311129,4017370,1,4017370,0,4017370,1,1,1,1
ODR1772512194r,C251306L,2021-11-30,P743686,1633280,1,1633280,0,1633280,1,0,0,4
ODR1773153550x,C407736L,2022-09-07,P656257,185600,1,185600,0,185600,1,1,1,1
ODR1774307361q,C479915L,2022-10-01,P811276,139142,1,139142,0,139142,1,1,1,1
ODR1776103542h,C398448L,2022-01-20,P689586,226316,1,226316,0,226316,1,1,1,1
ODR1776751244g,C357709L,2021-09-14,P766401,14442,1,14442,0,14442,1,1,1,1
ODR1777428159q,C267737L,2021-07-12,P629203,81142,1,81142,0,81142,1,1,1,1
ODR1778963948p,C992621L,2022-03-02,P208527,2088000,1,2088000,0,2088000,1,1,0,4
ODR1779461489y,C853448L,2022-03-07,P534748,3440850,1,3440850,0,3440850,1,1,1,3
ODR1783491655p,C241017L,2021-12-07,P427813,101442,1,101442,0,101442,1,1,1,1
ODR1786488147a,C216417L,2021-12-21,P490827,3559344,1,3559340,0,3559340,1,1,1,1
ODR1786845519e,C273843L,2022-03-04,P608322,159500,1,159500,0,159500,1,1,1,1
ODR1787864027b,C862619L,2022-04-22,P767337,95526,1,95526,0,95526,1,1,1,1
ODR1793187239i,C218616L,2021-12-19,P782682,4734540,1,4734540,0,4734540,1,1,1,1
ODR1794674543h,C560369L,2022-07-14,P494921,5539000,1,5539000,0,5539000,1,1,0,1
ODR1795027841d,C777089L,2021-10-08,P728976,1972000,1,1972000,0,1972000,1,0,0,1
ODR1797210344v,C953171L,2021-07-17,P720034,104110,1,104110,0,104110,1,1,1,1
ODR1797478010u,C268365L,2022-09-07,P594416,29000,1,29000,0,29000,1,1,1,1
ODR1797997091a,C215074L,2021-11-10,P449125,353568,1,353568,0,353568,1,0,0,4
ODR1798121652a,C499919L,2022-01-21,P293860,120640,1,120640,0,120640,1,1,1,1
ODR1802571508r,C405631L,2021-03-12,P177109,2604200,1,2604200,0,2604200,1,0,0,4
ODR1804543066s,C836000L,2022-06-28,P869522,58,1,58,0,58,1,1,0,1
ODR1805860147z,C564260L,2022-03-17,P670138,104400,1,104400,0,104400,1,1,0,1
ODR1807750013b,C838657L,2022-04-28,P512258,73733,4,294930,0,294930,1,0,0,4
ODR1808682678z,C128765L,2022-12-08,P672833,2212410,1,2212410,0,2212410,1,1,1,1
ODR1816613080t,C508330L,2022-09-07,P998662,281300,1,281300,0,281300,1,1,1,3
ODR1817826678f,C140984L,2021-07-20,P316948,2591440,1,2591440,0,2591440,1,0,0,1
ODR1818707127p,C143684L,2021-10-21,P663397,2534600,1,2534600,0,2534600,1,1,1,1
ODR1818991755r,C160662L,2022-02-16,P654599,336400,1,336400,0,336400,1,0,0,1
ODR1819120804d,C425949L,2021-03-08,P470236,400200,1,400200,0,400200,1,1,1,1
ODR1823968616i,C914093L,2021-12-08,P301836,14442,1,14442,0,14442,1,1,1,1
ODR1825618674p,C942248L,2021-10-08,P185337,55042,5,275210,0,275210,1,0,0,1
ODR1826785572b,C395230L,2021-11-16,P733468,3145050,1,3145050,0,3145050,1,1,0,1
ODR1828751467g,C349501L,2021-01-09,P830104,69542,3,208626,0,208626,1,1,0,1
ODR1828805846s,C238059L,2021-10-09,P751549,4581942,1,4581940,0,4581940,1,0,0,8
ODR1828878554p,C654035L,2021-05-07,P951249,28710,2,57420,0,57420,1,0,0,8
ODR1830335960k,C547048L,2022-03-06,P672992,371200,1,371200,0,371200,1,1,0,1
ODR1830489443y,C200115L,2021-09-30,P748886,5596942,1,5596940,0,5596940,1,1,0,1
ODR1832587630c,C610697L,2021-07-13,P162071,116000,1,116000,0,116000,1,1,1,1
ODR1834725119i,C196682L,2022-05-25,P505040,2005350,1,2005350,0,2005350,1,1,1,1
ODR1835304226w,C499900L,2021-09-25,P418626,5596942,1,5596940,0,5596940,1,0,0,8
ODR1837087962w,C942292L,2022-02-18,P505243,493000,1,493000,0,493000,1,1,1,1
ODR1837765164s,C525088L,2021-08-07,P984161,1971942,1,1971940,0,1971940,1,0,0,10
ODR1838248620x,C363466L,2021-11-13,P844269,836128,1,836128,0,836128,1,0,0,4
ODR1838712142d,C676393L,2021-10-09,P757885,217442,1,217442,0,217442,1,0,0,9
ODR1839123632g,C395899L,2022-01-18,P303031,121800,1,121800,0,121800,1,1,0,3
ODR1842060519j,C156665L,2022-08-04,P349636,632200,1,632200,0,632200,1,0,0,1
ODR1843283030u,C158367L,2021-10-19,P978512,2291000,1,2291000,0,2291000,1,1,0,1
ODR1843810932g,C346638L,2021-06-10,P574545,59450,1,59450,0,59450,1,0,0,1
ODR1844825544i,C121106L,2021-12-27,P904043,123250,1,123250,0,123250,1,1,1,1
ODR1845777376y,C361277L,2021-08-31,P990333,45240,1,45240,0,45240,1,1,1,1
ODR1846487532j,C675381L,2021-06-10,P562355,31900,2,63800,0,63800,1,1,1,1
ODR1846683947g,C539850L,2022-01-26,P841453,241280,1,241280,0,241280,1,1,1,4
ODR1848712954c,C244418L,2021-09-29,P961919,232000,1,232000,23200,208800,1,0,0,4
ODR1851373945o,C154874L,2021-12-11,P214880,81142,1,81142,0,81142,1,1,1,1
ODR1852685453g,C527307L,2022-08-03,P918122,2533672,1,2533670,0,2533670,1,0,0,4
ODR1852875502d,C165124L,2022-11-05,P904043,145000,1,145000,0,145000,1,1,1,1
ODR1853124575e,C574758L,2022-07-08,P100314,1747830,1,1747830,0,1747830,1,1,1,1
ODR1855805133k,C220911L,2022-01-24,P782682,5597000,1,5597000,0,5597000,1,1,1,1
ODR1856403895s,C117901L,2022-07-22,P205993,145000,1,145000,0,145000,1,1,1,1
ODR1862549285t,C565100L,2022-08-08,P747058,100050,1,100050,0,100050,1,1,0,1
ODR1863498523w,C513311L,2022-06-08,P204937,63394,1,63394,0,63394,1,1,1,1
ODR1863737982t,C741634L,2021-04-11,P493563,86710,1,86710,0,86710,1,1,0,1
ODR1864528098n,C506825L,2022-12-04,P703287,400200,1,400200,0,400200,1,1,1,1
ODR1865631311w,C115342L,2022-06-21,P553953,5434600,1,5434600,0,5434600,1,0,0,7
ODR1866572078g,C720927L,2021-12-08,P641796,30160,2,60320,0,60320,1,1,1,1
ODR1869202844p,C776900L,2021-12-08,P707569,69600,5,348000,0,348000,1,0,0,1
ODR1871579656w,C596112L,2022-07-24,P418929,440800,1,440800,0,440800,1,1,1,1
ODR1871882567n,C933325L,2021-11-22,P635177,325380,1,325380,0,325380,1,0,0,4
ODR1873600364i,C943785L,2022-06-24,P533532,75110,2,150220,0,150220,1,1,0,1
ODR1875305350v,C188782L,2022-05-06,P971775,40310,1,40310,0,40310,1,1,0,1
ODR1879361378y,C349501L,2021-05-09,P830104,69542,2,139084,0,139084,1,1,0,1
ODR1882289960d,C796146L,2021-09-20,P161861,23200,1,23200,0,23200,1,1,1,1
ODR1882826468i,C210105L,2022-07-01,P262382,5510000,1,5510000,0,5510000,1,0,0,4
ODR1883295754c,C370659L,2021-08-16,P487968,394400,1,394400,0,394400,1,1,0,1
ODR1884249335f,C358518L,2021-10-08,P787888,46400,1,46400,0,46400,1,1,1,1
ODR1892991692u,C790532L,2021-11-27,P609053,1139700,1,1139700,0,1139700,1,1,1,1
ODR1894535505e,C813497L,2022-05-24,P805082,1885000,1,1885000,0,1885000,1,1,0,1
ODR1894947075s,C893754L,2022-06-03,P298557,18560,4,74240,0,74240,1,1,0,1
ODR1895959858k,C517976L,2022-06-24,P900572,2170534,1,2170530,0,2170530,1,0,0,4
ODR1896409199b,C484667L,2021-07-15,P221984,3763910,1,3763910,0,3763910,1,0,0,1
ODR1897832624b,C509164L,2021-12-18,P514715,243600,1,243600,0,243600,1,1,1,1
ODR1898379262f,C283740L,2022-05-16,P371536,88508,1,88508,0,88508,1,0,0,7
ODR1900772552u,C220767L,2022-08-02,P118617,75342,1,75342,0,75342,1,1,0,1
ODR1903077984a,C164245L,2021-09-09,P203051,57420,1,57420,0,57420,1,1,1,1
ODR1905858665e,C573426L,2022-11-07,P707435,261000,1,261000,0,261000,1,1,1,1
ODR1910151670u,C426893L,2021-09-20,P993153,32480,5,162400,0,162400,1,1,1,1
ODR1911394920n,C144948L,2021-08-25,P823656,232000,1,232000,0,232000,1,1,1,1
ODR1913785893z,C447557L,2021-10-28,P708157,1865570,1,1865570,0,1865570,1,0,0,4
ODR1915217255r,C322598L,2022-03-05,P747668,5707142,1,5707140,0,5707140,1,0,0,4
ODR1916950284d,C404192L,2021-09-09,P125242,799240,1,799240,0,799240,1,1,1,1
ODR1918497871b,C603530L,2021-07-25,P162593,33060,1,33060,0,33060,1,1,1,1
ODR1920158271m,C388719L,2022-06-23,P993131,1176878,1,1176880,0,1176880,1,0,0,1
ODR1922496587a,C352487L,2021-04-10,P858785,1878678,2,3757360,0,3757360,1,1,1,1
ODR1923496450w,C394803L,2021-08-10,P497435,26390,16,422240,0,422240,1,0,0,1
ODR1924609945u,C510008L,2021-11-26,P512258,74530,1,74530,0,74530,1,1,0,1
ODR1925475604b,C922780L,2022-02-14,P775661,4640,1,4640,0,4640,1,1,1,1
ODR1926012040q,C118268L,2022-09-04,P885558,81200,4,324800,0,324800,1,1,1,1
ODR1926370911z,C757268L,2022-03-16,P351680,69600,2,139200,0,139200,1,0,0,4
ODR1928052393v,C968962L,2021-11-17,P161861,23200,3,69600,0,69600,1,1,1,1
ODR1928770856o,C283866L,2021-08-22,P451876,3887160,2,7774320,0,7774320,1,1,0,8
ODR1929024800g,C923141L,2022-07-20,P932773,218950,1,218950,29000,189950,1,0,0,1
ODR1930657996v,C995819L,2022-07-23,P504430,875800,2,1751600,0,1751600,1,1,0,3
ODR1930700725k,C890940L,2021-11-21,P985524,62350,10,623500,124700,498800,1,1,1,5
ODR1931957407h,C543271L,2021-06-11,P524874,1971768,2,3943540,0,3943540,1,0,0,1
ODR1932051551v,C422171L,2022-04-15,P653362,377000,1,377000,0,377000,1,1,0,7
ODR1933006951c,C333323L,2021-07-22,P316230,92800,4,371200,0,371200,1,1,1,1
ODR1933289323r,C378684L,2021-12-20,P561991,4002000,1,4002000,0,4002000,1,1,1,1
ODR1934504823t,C481492L,2022-07-26,P819695,1668370,1,1668370,116000,1552370,1,1,0,1
ODR1935322190x,C671834L,2022-06-19,P787882,23200,5,116000,11600,104400,1,1,0,5
ODR1935405055m,C193256L,2022-05-31,P169446,19140,1,19140,0,19140,1,1,0,1
ODR1937914267k,C208458L,2021-12-11,P619315,43500,2,87000,0,87000,1,1,1,1
ODR1940065104f,C782890L,2022-07-07,P513246,69600,2,139200,0,139200,1,1,0,1
ODR1941776827y,C164598L,2021-12-21,P431389,166460,1,166460,0,166460,1,1,1,1
ODR1941792020k,C354051L,2022-02-14,P370493,5707142,1,5707140,0,5707140,1,0,0,4
ODR1942091849n,C515428L,2021-08-26,P466910,159500,1,159500,0,159500,1,1,1,1
ODR1942538488m,C869172L,2022-03-18,P229579,464000,1,464000,0,464000,1,1,1,1
ODR1943163142t,C904399L,2022-04-05,P282256,290000,1,290000,0,290000,1,1,0,1
ODR1943850457r,C942237L,2021-12-09,P914543,464000,2,928000,0,928000,1,0,0,8
ODR1945320404q,C177455L,2022-06-21,P787882,23200,5,116000,0,116000,1,1,1,1
ODR1947534682o,C453900L,2021-10-18,P531159,5219942,1,5219940,0,5219940,1,1,0,1
ODR1947850233t,C122065L,2022-12-08,P928710,1421000,1,1421000,0,1421000,1,1,0,1
ODR1947917919j,C864263L,2022-03-30,P875224,57942,1,57942,0,57942,1,1,1,1
ODR1954071718d,C862302L,2022-03-22,P605927,63800,4,255200,0,255200,1,0,0,1
ODR1954485899y,C174885L,2022-12-02,P786145,203000,1,203000,0,203000,1,1,1,1
ODR1955139254z,C674615L,2021-08-19,P348472,359600,1,359600,0,359600,1,1,1,8
ODR1959152538q,C298804L,2022-03-24,P795792,680920,1,680920,0,680920,1,1,1,1
ODR1960647964v,C840567L,2021-07-16,P998934,110200,1,110200,0,110200,1,1,1,1
ODR1961666167c,C145587L,2022-09-05,P409400,75400,1,75400,0,75400,1,0,0,1
ODR1961812067a,C533411L,2021-08-23,P585010,359136,1,359136,0,359136,1,0,0,8
ODR1962587624k,C699636L,2021-09-16,P982769,17400,3,52200,0,52200,1,1,1,1
ODR1965502162e,C848774L,2022-05-20,P168052,6487648,1,6487650,364812,6122840,1,0,0,2
ODR1965930842r,C561770L,2022-10-06,P850836,116000,1,116000,0,116000,1,1,0,5
ODR1966097774w,C238059L,2021-02-09,P793709,3943942,1,3943940,0,3943940,1,0,0,8
ODR1971275453a,C861468L,2022-01-05,P452488,707600,1,707600,0,707600,1,1,0,1
ODR1975098394b,C332643L,2022-05-26,P708258,239540,1,239540,0,239540,1,1,0,1
ODR1976952910n,C172015L,2021-12-14,P459124,2075182,1,2075180,0,2075180,1,0,0,4
ODR1978619699d,C556591L,2021-08-29,P616714,4216600,1,4216600,0,4216600,1,0,0,9
ODR1980477221h,C159964L,2021-08-13,P343074,174000,1,174000,0,174000,1,1,1,1
ODR1985069921w,C780258L,2022-01-08,P805699,3561200,1,3561200,0,3561200,1,1,0,1
ODR1985384461l,C665146L,2022-08-06,P423136,522000,1,522000,0,522000,1,0,0,4
ODR1987223958k,C413469L,2022-11-08,P362060,130500,2,261000,0,261000,1,0,0,4
ODR1987595268t,C993393L,2021-07-25,P922939,326250,1,326250,0,326250,1,1,1,1
ODR1990015233i,C463842L,2021-11-12,P567399,49880,1,49880,0,49880,1,1,0,1
ODR1991593394r,C200115L,2022-03-27,P721438,4275180,1,4275180,0,4275180,1,1,0,1
ODR1991734399a,C530632L,2022-02-25,P238203,150510,1,150510,0,150510,1,1,0,3
ODR1992225112w,C671304L,2022-05-19,P665332,568400,1,568400,0,568400,1,0,0,1
ODR1993098304l,C427092L,2021-08-07,P461115,131950,1,131950,0,131950,1,1,1,1
ODR1993859824x,C901131L,2022-01-21,P337767,147494,1,147494,0,147494,1,1,0,1
ODR1995812882t,C767192L,2022-09-03,P383563,86942,1,86942,0,86942,1,1,1,1
ODR1996717400o,C326415L,2022-06-27,P467447,76850,1,76850,0,76850,1,1,0,1
ODR1997163444z,C978527L,2022-02-19,P983274,279270,1,279270,0,279270,1,1,0,4
ODR1999652385d,C349467L,2022-02-14,P202781,400200,1,400200,0,400200,1,0,0,4
ODR1999877776x,C637883L,2022-05-03,P716922,248820,1,248820,0,248820,1,1,0,1
ODR2000419482e,C311476L,2021-11-15,P939539,185600,1,185600,0,185600,1,0,0,5
ODR2005327701o,C142496L,2021-02-08,P575285,46110,1,46110,0,46110,1,1,1,1
ODR2006370032a,C226151L,2021-11-27,P130155,756900,1,756900,29000,727900,1,0,0,4
ODR2006868144u,C143396L,2022-05-06,P652203,27550,1,27550,27550,0,1,1,0,1
ODR2009777464g,C905006L,2021-03-12,P390773,34742,119,4134300,0,4134300,1,0,0,1
ODR2010210660w,C976890L,2022-07-31,P757318,64902,1,64902,0,64902,1,1,1,1
ODR2010602248v,C935068L,2022-01-28,P171477,58000,2,116000,0,116000,1,1,0,1
ODR2012513771c,C223799L,2021-11-13,P115324,84100,1,84100,0,84100,1,0,0,4
ODR2013641442x,C563862L,2022-07-14,P450890,435000,1,435000,0,435000,1,0,0,7
ODR2014275509e,C899610L,2022-04-01,P334177,1078742,6,6472450,0,6472450,1,0,0,4
ODR2015699293b,C507015L,2022-07-13,P279933,28942,1,28942,0,28942,1,1,0,1
ODR2017593375n,C555864L,2021-10-11,P131231,18850,2,37700,0,37700,1,0,0,1
ODR2019494543a,C654029L,2022-05-05,P512223,532382,1,532382,0,532382,1,0,0,4
ODR2019817383i,C726270L,2021-09-09,P389700,312446,1,312446,0,312446,1,1,0,1
ODR2020979721k,C635102L,2021-01-11,P353028,1275942,6,7655650,0,7655650,1,1,0,4
ODR2021142848j,C943932L,2022-06-20,P894360,153410,1,153410,0,153410,1,1,1,1
ODR2021959440x,C678257L,2021-10-19,P922939,326250,1,326250,0,326250,1,1,1,1
ODR2022951306o,C501840L,2022-03-24,P423681,2552000,1,2552000,0,2552000,1,0,0,7
ODR2023966130s,C835970L,2022-07-30,P534877,58000,3,174000,17034.6,156965,1,1,1,5
ODR2024320475p,C976390L,2022-07-20,P470236,261000,1,261000,0,261000,1,1,1,1
ODR2025850163h,C603530L,2022-01-17,P869828,539400,1,539400,0,539400,1,1,1,1
ODR2028433132c,C418238L,2021-09-24,P150120,38280,2,76560,0,76560,1,1,0,1
ODR2032898188w,C370534L,2022-05-14,P713234,464000,1,464000,0,464000,1,1,1,1
ODR2032967634a,C260117L,2022-05-02,P811276,139142,1,139142,0,139142,1,1,1,1
ODR2035839783f,C790722L,2022-07-06,P605824,127600,1,127600,29000,98600,1,0,0,4
ODR2038445780c,C256400L,2022-07-28,P924655,2215542,1,2215540,116000,2099540,1,1,0,1
ODR2043948585n,C330641L,2022-05-30,P551831,26970,3,80910,0,80910,1,1,0,1
ODR2045096052i,C576889L,2021-07-07,P870079,219762,1,219762,0,219762,1,1,1,1
ODR2045136970h,C137982L,2022-04-16,P349636,632200,1,632200,0,632200,1,0,0,7
ODR2045488373u,C773779L,2022-04-08,P456808,1154200,1,1154200,0,1154200,1,1,0,4
ODR2048346735a,C276338L,2021-11-15,P677644,11600,1,11600,0,11600,1,1,0,1
ODR2048865100h,C283866L,2021-10-07,P707431,365400,1,365400,0,365400,1,0,0,8
ODR2050669939y,C293590L,2022-08-07,P274235,41470,1,41470,0,41470,1,1,0,1
ODR2052334923n,C416181L,2021-10-19,P544078,5979336,1,5979340,0,5979340,1,0,0,4
ODR2052932491a,C571352L,2022-12-03,P631722,409422,1,409422,0,409422,1,1,1,1
ODR2052950225n,C326471L,2021-10-29,P847756,2014920,1,2014920,0,2014920,1,1,1,1
ODR2053504841v,C765760L,2022-07-18,P136796,261000,1,261000,0,261000,1,1,1,1
ODR2053740634y,C745738L,2021-08-20,P836145,28710,1,28710,0,28710,1,1,1,1
ODR2057886399g,C264319L,2022-04-06,P775556,28710,3,86130,0,86130,1,1,1,1
ODR2061117040r,C412333L,2021-06-11,P783473,27260,1,27260,0,27260,1,1,1,1
ODR2061697531x,C851730L,2021-04-09,P245258,98542,1,98542,0,98542,1,1,0,1
ODR2063008885o,C419203L,2022-09-03,P189686,54230,1,54230,0,54230,1,1,1,1
ODR2067076227g,C361493L,2022-06-13,P668591,24650,2,49300,0,49300,1,0,0,4
ODR2067101149w,C170264L,2022-04-02,P485064,173942,1,173942,0,173942,1,0,0,5
ODR2068344867c,C271135L,2022-05-30,P293860,120640,1,120640,0,120640,1,1,1,1
ODR2069869424q,C516599L,2022-02-08,P567342,232000,1,232000,0,232000,1,1,0,1
ODR2073637400w,C581597L,2022-07-31,P707435,261000,2,522000,0,522000,1,1,0,1
ODR2076095519k,C744728L,2022-09-03,P842330,1894686,1,1894690,0,1894690,1,1,0,1
ODR2076348842j,C881387L,2022-07-30,P544919,75400,1,75400,0,75400,1,1,1,1
ODR2077415141i,C367336L,2021-11-22,P707431,328860,1,328860,0,328860,1,1,1,1
ODR2081129713v,C190534L,2021-09-13,P586554,46342,1,46342,0,46342,1,1,1,1
ODR2081290957s,C540782L,2021-03-10,P272094,3107060,1,3107060,0,3107060,1,1,0,1
ODR2082766885f,C784177L,2022-04-28,P293009,3958500,1,3958500,0,3958500,1,1,0,1
ODR2083105797n,C946407L,2021-09-11,P751549,4581942,4,18327800,0,18327800,1,0,0,4
ODR2085074994m,C505840L,2021-09-17,P194795,3190,20,63800,0,63800,1,1,1,1
ODR2085348985y,C664224L,2021-04-09,P200099,26680,2,53360,0,53360,1,1,1,1
ODR2089765630x,C412936L,2022-08-02,P208527,2088000,1,2088000,0,2088000,1,1,0,1
ODR2091651506h,C896308L,2022-05-07,P166403,22910,1,22910,0,22910,1,1,0,1
ODR2094010841n,C602518L,2021-10-07,P504363,350900,1,350900,0,350900,1,1,1,1
ODR2099011629x,C228201L,2021-10-24,P236646,400200,1,400200,0,400200,1,1,1,1
ODR2103268545d,C912653L,2021-09-22,P823656,232000,1,232000,0,232000,1,1,1,1
ODR2105804190a,C627638L,2022-03-16,P200668,57942,1,57942,0,57942,1,1,1,1
ODR2108929009c,C866250L,2022-12-03,P318881,490100,1,490100,0,490100,1,0,0,4
ODR2110047894l,C139855L,2022-02-02,P985716,58000,5,290000,0,290000,1,1,1,1
ODR2111594442c,C333379L,2022-09-04,P293009,3958500,2,7917000,0,7917000,1,0,0,7
ODR2111711322q,C201592L,2021-10-23,P961919,232000,1,232000,0,232000,1,1,1,1
ODR2112209116j,C781213L,2022-01-28,P319549,635100,1,635100,0,635100,1,1,0,1
ODR2112943223t,C479992L,2021-09-26,P442844,2436000,1,2436000,0,2436000,1,1,0,1
ODR2113227925v,C975259L,2022-03-19,P855575,23200,2,46400,0,46400,1,1,1,1
ODR2117611229n,C584166L,2021-07-22,P224384,145000,1,145000,0,145000,1,1,1,1
ODR2118213002r,C852181L,2022-08-07,P986099,107880,1,107880,0,107880,1,1,0,1
ODR2118458217w,C640667L,2022-05-26,P600326,3632192,1,3632190,0,3632190,1,0,0,6
ODR2120060695z,C854145L,2022-07-21,P198953,48952,1,48952,0,48952,1,0,0,1
ODR2122164675r,C485577L,2021-08-26,P904043,145000,1,145000,0,145000,1,1,1,1
ODR2123231069q,C814229L,2022-01-27,P634439,92742,1,92742,0,92742,1,1,1,1
ODR2125580614h,C631900L,2021-12-07,P859811,34510,1,34510,0,34510,1,0,0,1
ODR2126340493k,C337105L,2021-09-10,P557054,115942,1,115942,0,115942,1,1,1,1
ODR2127266821w,C699058L,2022-10-07,P772930,31900,1,31900,0,31900,1,1,0,1
ODR2128119776a,C765319L,2022-03-15,P826694,15370,1,15370,0,15370,1,1,1,1
ODR2128446753n,C223672L,2021-10-07,P786707,261000,1,261000,0,261000,1,0,0,1
ODR2133297384w,C550002L,2022-02-27,P261308,37410,1,37410,0,37410,1,0,0,4
ODR2137881058y,C880300L,2022-01-15,P608109,203000,1,203000,0,203000,1,1,1,1
ODR2138498757n,C513701L,2022-05-01,P262382,5510000,1,5510000,0,5510000,1,0,0,4
ODR2141250355d,C932902L,2021-08-15,P315685,690200,1,690200,0,690200,1,0,0,9
ODR2143414798z,C332716L,2021-01-08,P710606,4059942,1,4059940,0,4059940,1,1,0,1
ODR2146514472p,C319891L,2021-02-09,P152985,173710,1,173710,0,173710,1,1,1,1
ODR2147069565c,C333472L,2021-04-09,P242143,52142,4,208568,0,208568,1,0,0,1
ODR2147228674y,C411331L,2021-03-12,P198252,231942,1,231942,0,231942,1,1,0,1
ODR2148222973l,C682985L,2022-02-23,P744702,2006162,1,2006160,0,2006160,1,0,0,4
ODR2148400582l,C776994L,2021-09-21,P324617,57942,1,57942,0,57942,1,1,1,1
ODR2149944630w,C546754L,2022-05-30,P432772,1450,1,1450,259.84,1190.16,1,1,1,1
ODR2150633747t,C283866L,2021-07-26,P443595,357454,1,357454,0,357454,1,1,1,9
ODR2150735949w,C875370L,2021-12-29,P703287,400200,1,400200,0,400200,1,1,1,1
ODR2151730310l,C383629L,2022-02-01,P939904,2261420,1,2261420,0,2261420,1,0,0,4
ODR2151877214e,C833283L,2022-06-27,P349636,632142,1,632142,0,632142,1,0,0,1
ODR2153703469h,C195629L,2021-12-11,P141714,58000,2,116000,0,116000,1,0,0,1
ODR2155035654k,C758391L,2022-03-01,P470236,400200,1,400200,0,400200,1,0,0,4
ODR2158157487v,C305773L,2021-11-21,P532247,112694,1,112694,0,112694,1,1,1,1
ODR2158224396h,C861081L,2021-08-22,P955377,440800,1,440800,0,440800,1,1,1,1
ODR2159041161i,C866999L,2021-08-08,P994608,145116,1,145116,0,145116,1,0,0,1
ODR2161994588l,C978790L,2022-06-06,P561216,75110,1,75110,0,75110,1,1,0,1
ODR2162319549e,C492850L,2021-07-23,P217083,2945704,1,2945700,0,2945700,1,1,1,8
ODR2164985858l,C698317L,2022-03-05,P512258,73733,3,221198,0,221198,1,0,0,4
ODR2165093093q,C551324L,2022-01-16,P252423,473280,1,473280,0,473280,1,1,1,4
ODR2170246683z,C464050L,2021-08-15,P954492,145464,1,145464,0,145464,1,1,0,1
ODR2170535242n,C360482L,2021-12-23,P505931,1172180,1,1172180,0,1172180,1,0,0,4
ODR2172226036r,C763722L,2021-05-11,P971469,1709840,1,1709840,0,1709840,1,1,1,1
ODR2174882056g,C530632L,2022-03-17,P583575,77894,1,77894,0,77894,1,0,0,1
ODR2175999852p,C817637L,2022-05-05,P278158,36250,1,36250,0,36250,1,1,1,1
ODR2179630145y,C371890L,2022-01-04,P952868,57420,1,57420,10545.6,46874.4,1,1,1,1
ODR2180612842z,C196853L,2022-05-01,P467262,43500,8,348000,0,348000,1,1,0,1
ODR2182628234a,C989951L,2022-06-17,P712331,162342,1,162342,16234.2,146108,1,1,0,5
ODR2183757178q,C955839L,2021-10-21,P417317,211700,1,211700,0,211700,1,0,0,4
ODR2184592002e,C600734L,2021-09-18,P683001,93960,1,93960,0,93960,1,1,1,1
ODR2185708606o,C185914L,2022-05-04,P504443,72500,1,72500,0,72500,1,1,1,1
ODR2187686503v,C247649L,2021-12-18,P115324,84100,4,336400,0,336400,1,0,0,4
ODR2188558244q,C215074L,2022-08-01,P611114,2783942,1,2783940,0,2783940,1,0,0,4
ODR2189274790h,C466172L,2021-07-28,P530057,121800,1,121800,0,121800,1,1,1,1
ODR2189585986w,C707264L,2022-07-29,P994881,45066,1,45066,0,45066,1,1,0,1
ODR2189659554j,C854773L,2022-11-02,P625909,400200,1,400200,0,400200,1,0,0,4
ODR2189927488p,C725097L,2021-07-08,P437509,101848,1,101848,0,101848,1,1,1,1
ODR2191519794b,C755600L,2021-05-08,P135808,1449942,1,1449940,0,1449940,1,0,0,1
ODR2191615413w,C242231L,2021-10-30,P450592,1989400,1,1989400,0,1989400,1,0,0,4
ODR2192211672b,C698097L,2022-03-07,P646000,48894,3,146682,0,146682,1,1,1,1
ODR2194143824j,C741634L,2021-07-19,P258482,37700,1,37700,0,37700,1,1,0,1
ODR2195752620f,C319814L,2022-07-20,P176270,468408,1,468408,0,468408,1,0,0,1
ODR2196843926m,C296844L,2022-02-13,P741997,321842,1,321842,0,321842,1,1,1,1
ODR2203355041o,C448037L,2021-11-22,P657840,508660,1,508660,0,508660,1,0,0,4
ODR2204441816k,C735415L,2022-09-05,P229579,464000,1,464000,0,464000,1,1,1,1
ODR2205005647b,C713589L,2021-11-18,P634801,3683000,1,3683000,0,3683000,1,0,0,5
ODR2206852974n,C525405L,2021-03-08,P823656,232000,1,232000,0,232000,1,1,1,1
ODR2206904426f,C794109L,2021-09-25,P587474,290,2,580,0,580,1,1,0,4
ODR2207372137k,C908781L,2022-03-15,P370493,5707142,1,5707140,0,5707140,1,0,0,4
ODR2208544984w,C774989L,2022-11-04,P286681,31900,1,31900,0,31900,1,1,1,1
ODR2210437742l,C162721L,2022-03-27,P624168,2319942,1,2319940,0,2319940,1,1,0,1
ODR2211812678a,C143684L,2022-01-03,P861342,2465000,1,2465000,0,2465000,1,1,0,1
ODR2216889280l,C150198L,2022-04-05,P353776,51910,6,311460,0,311460,1,0,0,4
ODR2217002783y,C818990L,2021-07-30,P228863,287100,1,287100,0,287100,1,1,1,3
ODR2217157888j,C914093L,2021-02-10,P495211,4930,20,98600,0,98600,1,1,1,1
ODR2217691572u,C520904L,2021-06-10,P295167,124120,1,124120,0,124120,1,0,0,4
ODR2217903438e,C864410L,2022-06-03,P319315,417020,1,417020,0,417020,1,0,0,4
ODR2221653324p,C819478L,2021-07-17,P869468,87000,2,174000,0,174000,1,0,0,1
ODR2224532422r,C830977L,2022-06-15,P498904,226200,1,226200,22620,203580,1,1,0,5
ODR2226021080r,C675024L,2022-09-03,P534877,58000,3,174000,0,174000,1,1,1,1
ODR2227111097h,C787631L,2021-11-26,P403582,220980,1,220980,0,220980,1,1,1,1
ODR2227559266n,C166448L,2021-08-21,P470236,400200,1,400200,0,400200,1,1,1,1
ODR2227844689g,C708473L,2021-04-07,P457442,8700,6,52200,0,52200,1,1,1,1
ODR2229510843n,C125637L,2022-06-26,P958489,5046000,1,5046000,0,5046000,1,0,0,4
ODR2232573018s,C192846L,2022-03-07,P495740,1305000,1,1305000,29000,1276000,1,1,1,1
ODR2235314863j,C718296L,2021-10-11,P112319,2228360,1,2228360,0,2228360,1,0,0,4
ODR2235329683e,C449792L,2021-09-13,P418918,57942,1,57942,0,57942,1,1,1,1
ODR2235617462p,C117684L,2021-08-23,P173123,49126,1,49126,0,49126,1,1,1,1
ODR2236958517v,C508430L,2022-02-28,P534877,58000,1,58000,0,58000,1,1,1,1
ODR2238196208a,C959285L,2022-11-01,P485201,99180,2,198360,0,198360,1,0,0,4
ODR2238486863f,C730690L,2021-10-27,P621889,177364,1,177364,0,177364,1,1,0,1
ODR2238818375v,C139143L,2022-09-05,P846596,219762,1,219762,0,219762,1,1,0,1
ODR2239074736t,C924458L,2022-07-05,P209422,730742,4,2922970,0,2922970,1,0,0,4
ODR2239834134h,C876097L,2021-02-07,P867231,118900,10,1189000,0,1189000,1,0,0,1
ODR2246674299s,C823189L,2021-10-11,P504431,145000,1,145000,0,145000,1,1,1,1
ODR2248876673a,C787119L,2022-03-07,P185032,783000,2,1566000,0,1566000,1,1,0,1
ODR2248900856z,C974989L,2021-08-13,P574545,59450,1,59450,0,59450,1,1,1,1
ODR2249204468m,C717559L,2022-08-08,P504908,284200,3,852600,0,852600,1,0,0,1
ODR2249943116b,C741634L,2022-02-21,P858068,29000,5,145000,0,145000,1,1,1,1
ODR2250932649z,C817964L,2022-01-07,P880638,38860,2,77720,0,77720,1,1,0,1
ODR2252103092t,C200115L,2022-05-31,P799304,5311582,1,5311580,0,5311580,1,1,0,1
ODR2252229751u,C536852L,2022-02-21,P505335,2485358,1,2485360,0,2485360,1,1,0,1
ODR2252529194g,C191766L,2022-06-26,P452041,72500,8,580000,0,580000,1,1,1,7
ODR2253207596m,C555245L,2022-05-26,P139810,197142,3,591426,0,591426,1,1,0,1
ODR2253386908p,C392296L,2021-11-22,P383378,290000,4,1160000,116000,1044000,1,1,1,5
ODR2255065794q,C547681L,2022-05-01,P303096,2281140,1,2281140,0,2281140,1,0,0,4
ODR2256048406l,C578500L,2021-06-07,P177940,226200,1,226200,0,226200,1,1,1,1
ODR2257312271w,C673213L,2021-08-14,P780852,144130,1,144130,0,144130,1,1,1,1
ODR2257853230g,C572388L,2022-03-01,P462990,60320,1,60320,0,60320,1,1,1,3
ODR2258116345s,C541439L,2021-09-08,P651526,348000,2,696000,0,696000,1,1,1,1
ODR2261621216c,C490497L,2021-11-10,P964888,1566000,1,1566000,0,1566000,1,0,0,4
ODR2262707518r,C378684L,2022-02-27,P813488,5228874,1,5228870,0,5228870,1,1,0,1
ODR2266317422p,C412936L,2022-04-18,P964141,406000,1,406000,0,406000,1,0,0,1
ODR2268957100j,C813380L,2022-04-16,P619324,5626000,1,5626000,348000,5278000,1,1,1,7
ODR2269641787k,C490081L,2022-05-24,P202781,400200,1,400200,0,400200,1,1,1,1
ODR2272758028p,C191766L,2021-10-24,P926715,125280,1,125280,0,125280,1,1,1,4
ODR2275906361v,C652012L,2022-01-19,P467567,53940,1,53940,0,53940,1,1,1,1
ODR2279072645k,C967540L,2022-11-03,P470236,400200,1,400200,0,400200,1,1,0,1
ODR2279091803o,C452735L,2021-12-25,P698623,43442,1,43442,0,43442,1,1,1,1
ODR2281221787f,C588794L,2021-10-11,P139750,4292000,1,4292000,0,4292000,1,1,1,3
ODR2281557499c,C415016L,2022-01-05,P557054,58000,1,58000,0,58000,1,1,0,1
ODR2281881574n,C444944L,2022-11-05,P221815,203870,1,203870,0,203870,1,1,1,1
ODR2283927710v,C157329L,2022-04-22,P474867,85550,1,85550,0,85550,1,1,1,1
ODR2284936406b,C485200L,2021-11-18,P689586,231362,1,231362,0,231362,1,1,1,1
ODR2289404847g,C410896L,2021-11-29,P876142,26100,1,26100,0,26100,1,1,1,5
ODR2289571974n,C348900L,2021-07-07,P634260,594500,1,594500,0,594500,1,0,0,9
ODR2291109358n,C394076L,2022-02-22,P800680,58,2,116,0,116,1,0,0,4
ODR2293599882u,C886572L,2021-07-25,P594703,939600,1,939600,0,939600,1,1,0,1
ODR2295147149a,C233836L,2022-04-23,P463651,42340,1,42340,0,42340,1,1,0,1
ODR2295742800d,C172885L,2022-01-03,P534877,58000,2,116000,0,116000,1,1,1,1
ODR2296760841p,C474371L,2021-11-17,P827245,34510,1,34510,0,34510,1,1,0,1
ODR2298636322y,C434751L,2022-05-23,P855806,1709550,1,1709550,0,1709550,1,0,0,7
ODR2299887287t,C246499L,2021-03-08,P213255,87000,1,87000,0,87000,1,1,0,1
ODR2307899915g,C501840L,2022-02-04,P669465,4215440,1,4215440,0,4215440,1,0,0,7
ODR2309804088y,C158367L,2021-09-21,P399251,2610000,1,2610000,0,2610000,1,0,0,1
ODR2312193221l,C634209L,2022-02-14,P380707,359600,1,359600,0,359600,1,1,1,1
ODR2312989796a,C838657L,2022-09-03,P904474,41180,3,123540,0,123540,1,0,0,4
ODR2317129853h,C404912L,2022-05-18,P414014,493000,1,493000,0,493000,1,0,0,4
ODR2317558192h,C985549L,2021-08-20,P552342,110200,1,110200,0,110200,1,1,1,1
ODR2319477211b,C872920L,2022-02-25,P611114,2783942,1,2783940,0,2783940,1,1,0,1
ODR2326600877d,C594887L,2022-03-05,P903606,65830,1,65830,0,65830,1,1,0,1
ODR2327978112u,C288152L,2022-12-05,P879344,193140,1,193140,0,193140,1,1,0,1
ODR2333179604v,C401539L,2022-11-03,P326272,379900,2,759800,0,759800,1,1,1,1
ODR2333820453e,C223458L,2021-08-15,P234177,261000,1,261000,0,261000,1,0,0,1
ODR2334008381c,C603530L,2021-07-19,P362878,162110,1,162110,29000,133110,1,1,0,1
ODR2335972761c,C531212L,2022-03-01,P307738,869942,1,869942,0,869942,1,0,0,4
ODR2337891809l,C851620L,2021-10-25,P370891,35380,25,884500,0,884500,1,0,0,1
ODR2340792251q,C137539L,2022-10-02,P557054,115942,1,115942,0,115942,1,1,1,1
ODR2342285045g,C992621L,2022-01-21,P355737,371200,1,371200,0,371200,1,0,0,4
ODR2342495825r,C869172L,2022-10-07,P185039,132530,1,132530,0,132530,1,1,0,1
ODR2342526298g,C312237L,2022-10-04,P829067,78242,1,78242,0,78242,1,1,1,1
ODR2343268072i,C221507L,2021-06-09,P470236,400200,1,400200,0,400200,1,0,0,9
ODR2347493834r,C120887L,2021-09-12,P343074,174000,1,174000,0,174000,1,1,1,1
ODR2349024769e,C508926L,2021-12-16,P892074,52142,1,52142,0,52142,1,1,1,1
ODR2349733640u,C781213L,2021-08-08,P162270,3770000,1,3770000,0,3770000,1,1,0,1
ODR2352061395t,C816600L,2022-03-22,P490466,545200,1,545200,27260,517940,1,0,0,7
ODR2352761303x,C549342L,2022-07-26,P328639,34800,1,34800,0,34800,1,0,0,1
ODR2356071118w,C615063L,2022-03-29,P874899,602910,1,602910,0,602910,1,1,1,1
ODR2356302237q,C578429L,2022-07-17,P291889,5142280,1,5142280,0,5142280,1,1,0,1
ODR2359741087x,C284309L,2022-03-24,P684181,17980,1,17980,0,17980,1,1,1,1
ODR2361542656c,C484446L,2021-10-20,P386755,4054200,1,4054200,0,4054200,1,0,0,4
ODR2361851743t,C662822L,2021-04-08,P844102,5161942,1,5161940,0,5161940,1,0,0,9
ODR2363956159e,C595566L,2021-08-10,P240605,2505310,1,2505310,0,2505310,1,0,0,4
ODR2364655189y,C927076L,2022-09-01,P858068,26100,5,130500,0,130500,1,1,1,1
ODR2365701418o,C521295L,2022-07-27,P953664,145000,1,145000,21750,123250,1,1,0,4
ODR2365956861y,C271561L,2022-03-22,P633207,403100,1,403100,0,403100,1,0,0,7
ODR2369179961u,C196616L,2021-10-21,P999157,220400,1,220400,0,220400,1,1,1,1
ODR2369520272m,C654812L,2021-08-15,P437509,104168,1,104168,0,104168,1,1,1,1
ODR2372171766t,C934224L,2022-06-05,P648650,189486,1,189486,0,189486,1,1,0,1
ODR2373048205z,C742165L,2021-03-10,P245834,2032900,1,2032900,0,2032900,1,0,0,1
ODR2374756643n,C379974L,2021-08-27,P665312,10962,1,10962,0,10962,1,1,1,1
ODR2374990653u,C147249L,2022-10-03,P563852,464000,1,464000,0,464000,1,1,1,1
ODR2375712945a,C463487L,2021-10-22,P751549,4581942,2,9163880,0,9163880,1,1,1,4
ODR2377534223n,C954660L,2022-06-01,P692465,4450630,1,4450630,0,4450630,1,0,0,4
ODR2377621883k,C844272L,2022-06-23,P872958,551000,1,551000,58000,493000,1,1,0,4
ODR2378986198t,C485651L,2022-05-21,P557054,43500,2,87000,0,87000,1,1,1,4
ODR2382784418l,C850633L,2021-03-12,P900471,1009200,1,1009200,0,1009200,1,1,0,1
ODR2386462140j,C830599L,2021-02-12,P876142,26100,1,26100,0,26100,1,1,1,1
ODR2386752252p,C776499L,2022-10-05,P196930,301600,1,301600,0,301600,1,1,1,1
ODR2387625277x,C364214L,2021-08-16,P807458,42630,1,42630,0,42630,1,1,0,1
ODR2390313107h,C969315L,2022-02-01,P454528,231710,1,231710,0,231710,1,1,0,1
ODR2390697264t,C465263L,2022-02-02,P900471,1009200,1,1009200,0,1009200,1,0,0,1
ODR2391182905v,C605426L,2021-07-27,P978455,432854,1,432854,0,432854,1,1,0,1
ODR2391882405d,C835137L,2022-07-06,P809775,203000,1,203000,0,203000,1,0,0,7
ODR2394733190r,C812535L,2022-03-19,P735219,22910,1,22910,0,22910,1,1,0,1
ODR2395878993w,C298284L,2022-03-24,P700907,188500,1,188500,19778,168722,1,0,0,7
ODR2396113780z,C232406L,2021-09-22,P533392,538182,1,538182,0,538182,1,1,1,1
ODR2404968424h,C404912L,2022-05-19,P414014,493000,1,493000,24650,468350,1,0,0,4
ODR2405447038b,C896007L,2021-12-25,P246442,38280,1,38280,0,38280,1,1,1,3
ODR2406433601m,C550642L,2021-10-21,P257000,33640,2,67280,0,67280,1,1,1,1
ODR2407475441r,C211322L,2022-05-26,P696220,28710,1,28710,0,28710,1,1,0,1
ODR2407805692t,C468516L,2022-02-02,P667382,261000,1,261000,0,261000,1,0,0,4
ODR2410475068u,C409316L,2021-07-23,P418929,440800,1,440800,0,440800,1,1,1,1
ODR2410489402u,C625201L,2022-06-01,P837665,2238800,1,2238800,0,2238800,1,0,0,4
ODR2412044842k,C269732L,2021-09-20,P766401,14442,1,14442,0,14442,1,1,1,1
ODR2412167732h,C536852L,2022-02-22,P505335,2485358,1,2485360,0,2485360,1,0,0,1
ODR2413189341k,C239715L,2021-10-10,P562355,31900,1,31900,0,31900,1,1,1,1
ODR2413765752j,C140324L,2021-12-19,P948303,92800,2,185600,0,185600,1,1,0,1
ODR2415521352f,C120370L,2021-09-12,P669089,29000,1,29000,0,29000,1,1,1,1
ODR2416279136i,C829183L,2022-06-26,P285854,133400,1,133400,0,133400,1,0,0,7
ODR2417200930b,C550002L,2021-10-23,P566146,298700,1,298700,0,298700,1,1,1,1
ODR2417242306k,C283375L,2022-12-01,P858068,26100,3,78300,0,78300,1,1,1,1
ODR2417933873h,C263110L,2022-07-06,P183544,125280,1,125280,0,125280,1,1,1,1
ODR2421788350i,C698097L,2021-07-14,P538399,5596942,1,5596940,0,5596940,1,0,0,1
ODR2421972930c,C616892L,2021-07-21,P446550,4640000,2,9280000,0,9280000,1,0,0,10
ODR2424369898l,C348605L,2021-12-13,P763231,443700,1,443700,0,443700,1,1,0,1
ODR2424375452y,C673068L,2022-03-23,P816776,58000,1,58000,11600,46400,1,1,1,7
ODR2426165135r,C287376L,2022-03-06,P444337,260420,2,520840,0,520840,1,1,1,1
ODR2426599825o,C114466L,2022-03-31,P534877,58000,3,174000,0,174000,1,1,0,1
ODR2427479135q,C592423L,2021-07-16,P658321,40600,2,81200,0,81200,1,1,1,1
ODR2428214719h,C407670L,2021-09-16,P757885,217442,3,652326,0,652326,1,0,0,9
ODR2428683094g,C244786L,2022-01-07,P291889,5142280,1,5142280,0,5142280,1,1,0,1
ODR2432470078o,C508126L,2022-08-05,P728313,82940,1,82940,0,82940,1,1,0,1
ODR2435305959n,C374672L,2022-03-21,P755841,1885000,1,1885000,0,1885000,1,1,0,1
ODR2440113194f,C823301L,2022-10-06,P658885,95642,1,95642,0,95642,1,1,1,1
ODR2441502672n,C347731L,2022-07-08,P230358,1913942,1,1913940,0,1913940,1,1,0,4
ODR2441912436z,C359997L,2022-08-02,P182858,101500,1,101500,0,101500,1,1,1,4
ODR2442285061r,C928110L,2022-08-07,P912231,8700,1,8700,5800,2900,1,1,0,3
ODR2442420656d,C131307L,2021-08-22,P874421,22620,2,45240,0,45240,1,1,1,1
ODR2447939749a,C351587L,2022-01-18,P534021,3034038,1,3034040,0,3034040,1,1,0,1
ODR2452425737k,C685666L,2022-01-14,P855014,40310,1,40310,0,40310,1,1,1,1
ODR2454497981t,C437385L,2022-12-05,P656351,92800,1,92800,0,92800,1,1,0,7
ODR2455157441g,C814229L,2021-08-22,P156208,55100,1,55100,0,55100,1,1,1,1
ODR2459422485j,C158367L,2021-07-16,P457899,2841942,1,2841940,0,2841940,1,1,0,1
ODR2463868278f,C491883L,2022-11-06,P986099,107880,1,107880,0,107880,1,1,0,1
ODR2463904091r,C869172L,2022-04-15,P873818,841000,2,1682000,254887,1427110,1,1,0,1
ODR2467913111u,C186576L,2022-05-20,P133996,4060000,1,4060000,0,4060000,1,1,0,4
ODR2469240270n,C414678L,2022-04-14,P709484,13630000,2,27260000,0,27260000,1,0,0,7
ODR2478133557s,C720927L,2021-01-08,P174232,37120,1,37120,0,37120,1,1,1,1
ODR2489037450s,C693442L,2021-09-18,P201233,284142,1,284142,0,284142,1,1,1,1
ODR2489172318b,C578872L,2022-01-25,P191938,42050,2,84100,0,84100,1,1,1,1
ODR2490563395i,C368853L,2021-10-30,P852927,34742,1,34742,0,34742,1,1,0,1
ODR2491287376n,C577018L,2022-01-20,P470236,400200,1,400200,0,400200,1,1,1,1
ODR2492819403l,C571902L,2021-10-19,P731853,22040,2,44080,0,44080,1,1,1,1
ODR2494573511q,C998847L,2022-02-08,P468756,86942,1,86942,0,86942,1,1,0,1
ODR2495200488z,C358631L,2022-08-08,P552489,46342,1,46342,0,46342,1,1,0,1
ODR2496247432b,C822217L,2022-04-05,P511346,68904,1,68904,10335.6,58568.4,1,1,1,4
ODR2496660682b,C696203L,2022-03-03,P368222,377000,1,377000,0,377000,1,0,0,4
ODR2497124410z,C538863L,2021-12-07,P642957,345100,2,690200,0,690200,1,1,1,1
ODR2498103593s,C525405L,2021-04-11,P242143,52142,2,104284,0,104284,1,0,0,1
ODR2498920606m,C879647L,2022-07-04,P475695,22910,2,45820,0,45820,1,1,1,1
ODR2499287766s,C766565L,2022-01-08,P936810,1015000,1,1015000,0,1015000,1,1,0,7
ODR2502322405k,C525405L,2021-10-17,P131358,192850,1,192850,0,192850,1,1,0,1
ODR2503185632c,C851854L,2021-10-09,P323833,29580,3,88740,0,88740,1,1,0,1
ODR2504306759w,C499813L,2022-05-31,P702210,127600,1,127600,0,127600,1,1,1,3
ODR2504837700r,C819324L,2021-09-14,P213998,353568,1,353568,0,353568,1,0,0,8
ODR2507174939f,C772704L,2022-04-22,P557054,58000,1,58000,0,58000,1,1,0,1
ODR2507471356w,C727528L,2021-07-21,P500879,348000,1,348000,0,348000,1,1,0,1
ODR2508304534u,C214255L,2022-02-13,P910200,1160000,1,1160000,0,1160000,1,1,1,3
ODR2509651867u,C814366L,2022-02-26,P408955,174000,1,174000,0,174000,1,1,0,1
ODR2512693029p,C406406L,2022-07-26,P770634,1061400,1,1061400,14500,1046900,1,0,0,4
ODR2513203131b,C292536L,2022-07-21,P771186,1766042,1,1766040,0,1766040,1,1,1,1
ODR2513290260c,C992621L,2022-08-01,P208527,2088000,1,2088000,0,2088000,1,0,0,4
ODR2515588918c,C815210L,2021-09-14,P286058,63742,1,63742,0,63742,1,1,0,1
ODR2515966444i,C481192L,2021-09-21,P544078,5979336,1,5979340,0,5979340,1,0,0,8
ODR2518199417o,C736540L,2021-12-25,P321633,116000,1,116000,0,116000,1,1,0,1
ODR2518729280t,C210771L,2022-09-07,P139241,156542,1,156542,0,156542,1,1,0,1
ODR2521468913p,C855079L,2022-07-06,P630615,843900,1,843900,0,843900,1,0,0,7
ODR2522487081b,C245614L,2021-10-27,P448913,17400000,1,17400000,0,17400000,1,0,0,4
ODR2522521938x,C517976L,2022-06-28,P539142,3614560,1,3614560,0,3614560,1,0,0,4
ODR2524072057d,C724582L,2022-01-28,P875224,57942,1,57942,0,57942,1,1,1,1
ODR2529258479i,C749236L,2022-02-02,P470236,400200,1,400200,0,400200,1,0,0,4
ODR2530617958r,C140900L,2021-09-11,P350369,33640,2,67280,0,67280,1,1,1,1
ODR2531211023i,C985354L,2022-06-01,P635238,157528,1,157528,0,157528,1,1,1,1
ODR2533392549b,C203164L,2022-11-01,P596008,382742,1,382742,0,382742,1,0,0,4
ODR2534516957m,C997231L,2021-12-12,P307535,49880,1,49880,0,49880,1,1,1,1
ODR2534529950f,C328972L,2021-11-25,P944228,153700,1,153700,0,153700,1,1,1,1
ODR2537552109g,C890940L,2021-11-22,P713012,2610000,1,2610000,391500,2218500,1,0,0,4
ODR2540304029l,C713972L,2022-07-16,P504861,377000,1,377000,0,377000,1,0,0,7
ODR2541540248g,C635740L,2022-01-01,P904043,145000,1,145000,0,145000,1,0,0,4
ODR2544900210h,C664685L,2022-02-25,P661637,116000,1,116000,0,116000,1,1,1,1
ODR2546675031v,C899610L,2022-03-17,P504692,367488,1,367488,0,367488,1,0,0,7
ODR2547547191f,C349980L,2021-12-15,P669452,139142,1,139142,0,139142,1,0,0,4
ODR2553294738g,C623394L,2022-03-29,P595878,34510,1,34510,0,34510,1,1,1,1
ODR2558909643z,C422171L,2022-02-05,P974370,1642850,2,3285700,0,3285700,1,0,0,4
ODR2559312242f,C595698L,2022-02-25,P273865,8120,8,64960,0,64960,1,0,0,1
ODR2560018243l,C362236L,2022-03-24,P974203,34510,1,34510,0,34510,1,1,1,1
ODR2560544563o,C355402L,2021-10-12,P801755,269120,1,269120,0,269120,1,1,1,1
ODR2560740364j,C863827L,2021-12-24,P470236,400200,1,400200,0,400200,1,1,1,1
ODR2560749181p,C173821L,2021-07-14,P549805,87000,2,174000,0,174000,1,1,0,1
ODR2562221754q,C676393L,2022-04-25,P298843,4065220,1,4065220,0,4065220,1,1,0,1
ODR2563110334p,C136681L,2022-04-06,P568444,19140,3,57420,0,57420,1,1,1,1
ODR2563813901q,C283866L,2021-10-14,P212275,150742,3,452226,0,452226,1,0,0,4
ODR2563977058z,C763705L,2021-09-29,P518083,427518,1,427518,0,427518,1,1,1,1
ODR2567915830z,C139135L,2022-02-21,P534877,58000,5,290000,0,290000,1,1,1,1
ODR2567929282r,C279368L,2022-05-03,P932250,748200,1,748200,0,748200,1,0,0,4
ODR2571661024c,C249867L,2022-07-15,P979948,60842,1,60842,0,60842,1,1,1,1
ODR2571936981l,C492850L,2022-09-01,P697647,493000,1,493000,0,493000,1,0,0,4
ODR2573105425t,C378684L,2022-04-18,P674457,1885000,1,1885000,0,1885000,1,1,0,1
ODR2574445815x,C970497L,2022-02-19,P970458,88740,1,88740,0,88740,1,0,0,1
ODR2575493134y,C796218L,2022-03-25,P832136,261000,1,261000,0,261000,1,0,0,1
ODR2576121900r,C527307L,2021-10-15,P606727,66120,4,264480,0,264480,1,0,0,4
ODR2577031737k,C394799L,2021-09-18,P462042,351016,1,351016,0,351016,1,1,1,1
ODR2579336155b,C491617L,2021-09-22,P236646,400200,1,400200,0,400200,1,1,1,1
ODR2579611044y,C503407L,2021-02-12,P650546,127542,1,127542,0,127542,1,0,0,4
ODR2579677954l,C762523L,2021-09-13,P697298,2319942,1,2319940,0,2319940,1,0,0,9
ODR2580973309f,C484446L,2021-10-13,P177109,2604200,1,2604200,0,2604200,1,0,0,4
ODR2581164631e,C360501L,2022-07-23,P975815,493000,1,493000,0,493000,1,1,0,1
ODR2585684118h,C460493L,2022-06-15,P794286,635100,1,635100,0,635100,1,1,1,1
ODR2588305537s,C227974L,2021-07-31,P954541,980142,1,980142,0,980142,1,1,1,1
ODR2591472250u,C537394L,2022-09-06,P548573,26100,1,26100,0,26100,1,1,0,1
ODR2592965720c,C290034L,2022-02-18,P702289,519680,1,519680,0,519680,1,1,1,1
ODR2594421858m,C542850L,2021-11-28,P994010,384192,1,384192,0,384192,1,0,0,2
ODR2595896651f,C374672L,2022-02-18,P989804,234900,1,234900,0,234900,1,1,0,1
ODR2596441221o,C902805L,2022-08-01,P224384,145000,1,145000,0,145000,1,1,1,1
ODR2597834232e,C654029L,2022-04-22,P512223,532382,1,532382,0,532382,1,0,0,4
ODR2599905283n,C579215L,2022-02-28,P580534,156600,1,156600,0,156600,1,1,1,2
ODR2600039771g,C603530L,2021-09-21,P122683,3422000,1,3422000,0,3422000,1,1,0,1
ODR2600801611n,C702427L,2022-07-29,P568120,225330,1,225330,7748.22,217582,1,1,0,4
ODR2604470987j,C881371L,2022-12-07,P633207,403100,1,403100,0,403100,1,0,0,7
ODR2606003677t,C166968L,2022-08-05,P146139,3069360,1,3069360,0,3069360,1,1,0,1
ODR2606038562a,C348449L,2022-07-29,P707435,261000,1,261000,0,261000,1,0,0,7
ODR2606969980p,C741829L,2021-09-23,P562355,31900,1,31900,0,31900,1,1,1,1
ODR2607597503q,C430739L,2022-02-15,P470236,400200,1,400200,0,400200,1,0,0,4
ODR2608680914n,C741634L,2022-02-15,P534877,58000,5,290000,0,290000,1,1,1,1
ODR2608757731m,C240208L,2022-01-01,P608043,2130630,1,2130630,0,2130630,1,0,0,4
ODR2613422339v,C820997L,2021-05-08,P617883,289942,1,289942,0,289942,1,1,1,1
ODR2614011019n,C814229L,2021-05-08,P197854,3113208,1,3113210,0,3113210,1,1,0,1
ODR2615547942u,C300711L,2021-08-09,P572907,4207320,1,4207320,0,4207320,1,0,0,8
ODR2615561752x,C661506L,2022-02-27,P921628,19778,1,19778,0,19778,1,1,1,1
ODR2617247620f,C986837L,2022-03-21,P986099,110142,1,110142,0,110142,1,1,0,1
ODR2617566862f,C210702L,2021-12-12,P812489,127600,1,127600,0,127600,1,1,1,1
ODR2618758245r,C535715L,2022-06-13,P498064,92684,2,185368,0,185368,1,0,0,1
ODR2620480956f,C930868L,2022-05-18,P363520,3494152,1,3494150,0,3494150,1,0,0,4
ODR2623738962n,C713425L,2021-03-11,P832727,63800,1,63800,0,63800,1,1,1,1
ODR2626396597l,C227184L,2021-02-09,P275902,20880,5,104400,0,104400,1,0,0,8
ODR2626926307i,C724228L,2022-07-30,P579921,8700000,1,8700000,0,8700000,1,1,0,4
ODR2627498388c,C825710L,2021-02-12,P863002,86942,1,86942,0,86942,1,1,1,1
ODR2627654093n,C816773L,2022-05-07,P236558,263320,1,263320,17400,245920,1,1,1,1
ODR2629173741s,C182031L,2021-02-08,P323833,29580,2,59160,0,59160,1,1,1,1
ODR2630056340g,C179670L,2022-11-08,P408177,231942,1,231942,0,231942,1,0,0,4
ODR2630253942b,C216058L,2022-07-28,P846918,139200,3,417600,0,417600,1,0,0,1
ODR2631092158l,C736562L,2022-03-30,P660316,23200,2,46400,0,46400,1,1,1,1
ODR2631638024o,C521348L,2021-09-19,P836472,70180,2,140360,0,140360,1,1,1,1
ODR2632108353p,C820319L,2021-11-27,P474128,57710,1,57710,0,57710,1,1,1,1
ODR2635535521o,C789047L,2022-10-02,P860540,38280,1,38280,0,38280,1,1,0,1
ODR2637217949k,C436261L,2022-05-16,P162958,6351000,1,6351000,0,6351000,1,0,0,2
ODR2638324229l,C969315L,2021-09-19,P755612,394400,1,394400,0,394400,1,1,1,1
ODR2639518305m,C681410L,2021-06-07,P967875,75400,1,75400,0,75400,1,1,1,1
ODR2640394512z,C145737L,2021-07-15,P786707,261000,1,261000,0,261000,1,0,0,1
ODR2643201058s,C563349L,2021-10-26,P136050,185600,1,185600,0,185600,1,1,1,1
ODR2643297164r,C700565L,2022-05-22,P118382,69600,2,139200,6960,132240,1,0,0,4
ODR2643586698w,C378684L,2022-04-25,P301216,2403520,1,2403520,0,2403520,1,0,0,1
ODR2645099149p,C638038L,2022-05-25,P412671,139142,1,139142,0,139142,1,1,0,1
ODR2647013955g,C317777L,2021-01-12,P356064,490680,1,490680,0,490680,1,1,1,1
ODR2648973871h,C994467L,2022-04-18,P622378,1195902,1,1195900,0,1195900,1,1,1,7
ODR2650284594l,C263779L,2021-09-17,P894743,217442,1,217442,0,217442,1,1,1,9
ODR2650757092f,C448320L,2021-10-23,P834446,93745,1,93745.4,0,93745.4,1,1,0,1
ODR2654990519a,C983543L,2022-09-08,P276689,104110,1,104110,9050.32,95059.7,1,1,1,1
